EARNED CONFORMANCE SUITE v3 — run 2026-09-04T04:07:32.133Z clock=2026-09-03 tz=America/New_York adapters=adapters
== PORT ORACLE v2 — check 'main' vs golden 'main' (clock 2026-09-03 America/New_York; manifest PROVISIONAL — the FINAL golden is cut from the frozen old engine after the PROGRESSION-1 decision (owner); this golden is from main a0009c3 (v7.55.9, deployed main))
GREEN                  PORT-manifest-clock-zone-and-census-version-match-the-run  [Sol suite-pass-1 port objection 4 (fail closed)]  — {"manifest":["2026-09-03","America/New_York",3],"run":["2026-09-03","America/New_York",3]}
GREEN                  PORT-preimage-2026-08-15-manifest-pins-fixture-golden-engine-and-stamp  [manifest.json (immutable pins: fixture hash, golden hash, engine hash/commit, clock, zone, census version)]  — {"fixture":true,"golden":true,"goldenBlob":true,"stampEngine":true,"stampClock":true,"stampCensus":true} engine a0009c3 (v7.55.9, deployed main) · PUBLIC (repo tools/fixtures/ledger-preimage-2026-08-15.json)
GREEN                  PORT-preimage-2026-08-15-counts-law-nothing-lost-SILENTLY-through-migrate-every-struck-set-is-a-filed-attested-correction  [sheet §A counts law / PRESENCE LAW + A3 kind correction (a strike is a NEW filed correction with a feed receipt, never a silent edit)]  — counts held on 10 classes; sets 250 → 246 (4 struck by filed attested corrections with feed receipts, 0 undeclared)
GREEN                  PORT-preimage-2026-08-15-census-v2-required-identical-to-golden  [owner ruling 2026-09-03: the port is proven by IDENTICAL reads (records DTO + lifts + energy + progression + today)]  — byte-identical required census (3816 leaves, 16 active lifts)
GREEN                  PORT-synthetic-pending-debut-manifest-pins-fixture-golden-engine-and-stamp  [manifest.json (immutable pins: fixture hash, golden hash, engine hash/commit, clock, zone, census version)]  — {"fixture":true,"golden":true,"goldenBlob":true,"stampEngine":true,"stampClock":true,"stampCensus":true} engine a0009c3 (v7.55.9, deployed main) · SYNTHETIC (oracle/make-synthetic.cjs; pending debuts with newWSets, a former name, a volume receipt)
GREEN                  PORT-synthetic-pending-debut-counts-law-nothing-lost-SILENTLY-through-migrate-every-struck-set-is-a-filed-attested-correction  [sheet §A counts law / PRESENCE LAW + A3 kind correction (a strike is a NEW filed correction with a feed receipt, never a silent edit)]  — counts held on 10 classes; sets 10 → 10 (0 struck by filed attested corrections with feed receipts, 0 undeclared)
GREEN                  PORT-synthetic-pending-debut-census-v2-required-identical-to-golden  [owner ruling 2026-09-03: the port is proven by IDENTICAL reads (records DTO + lifts + energy + progression + today)]  — byte-identical required census (736 leaves, 2 active lifts)
GREEN                  PORT-live-manifest-pins-fixture-golden-engine-and-stamp  [manifest.json (immutable pins: fixture hash, golden hash, engine hash/commit, clock, zone, census version)]  — [private fixture: detail withheld in code] · PRIVATE — the athlete's live ledger, never shipped; verdict lines only
GREEN                  PORT-live-counts-law-nothing-lost-SILENTLY-through-migrate-every-struck-set-is-a-filed-attested-correction  [sheet §A counts law / PRESENCE LAW + A3 kind correction (a strike is a NEW filed correction with a feed receipt, never a silent edit)]  — [private fixture: detail withheld in code]
GREEN                  PORT-live-census-v2-required-identical-to-golden  [owner ruling 2026-09-03: the port is proven by IDENTICAL reads (records DTO + lifts + energy + progression + today)]  — [private fixture: detail withheld in code]
   10 GREEN · 0 RED-as-specified · 0 FAIL · 0 DEFECT · 0 HARNESS_ERROR
== PORT ORACLE v2 — check 'main' vs golden 'main' (clock 2026-09-03 America/New_York; manifest PROVISIONAL — the FINAL golden is cut from the frozen old engine after the PROGRESSION-1 decision (owner); this golden is from main a0009c3 (v7.55.9, deployed main))
GREEN                  PORT-manifest-clock-zone-and-census-version-match-the-run  [Sol suite-pass-1 port objection 4 (fail closed)]  — {"manifest":["2026-09-03","America/New_York",3],"run":["2026-09-03","America/New_York",3]}
GREEN                  PORT-preimage-2026-08-15-manifest-pins-fixture-golden-engine-and-stamp  [manifest.json (immutable pins: fixture hash, golden hash, engine hash/commit, clock, zone, census version)]  — {"fixture":true,"golden":true,"goldenBlob":true,"stampEngine":true,"stampClock":true,"stampCensus":true} engine a0009c3 (v7.55.9, deployed main) · PUBLIC (repo tools/fixtures/ledger-preimage-2026-08-15.json)
GREEN                  PORT-preimage-2026-08-15-counts-law-nothing-lost-SILENTLY-through-migrate-every-struck-set-is-a-filed-attested-correction  [sheet §A counts law / PRESENCE LAW + A3 kind correction (a strike is a NEW filed correction with a feed receipt, never a silent edit)]  — counts held on 10 classes; sets 250 → 246 (4 struck by filed attested corrections with feed receipts, 0 undeclared)
GREEN                  PORT-preimage-2026-08-15-census-v2-required-identical-to-golden  [owner ruling 2026-09-03: the port is proven by IDENTICAL reads (records DTO + lifts + energy + progression + today)]  — byte-identical required census (3816 leaves, 16 active lifts)
GREEN                  PORT-synthetic-pending-debut-manifest-pins-fixture-golden-engine-and-stamp  [manifest.json (immutable pins: fixture hash, golden hash, engine hash/commit, clock, zone, census version)]  — {"fixture":true,"golden":true,"goldenBlob":true,"stampEngine":true,"stampClock":true,"stampCensus":true} engine a0009c3 (v7.55.9, deployed main) · SYNTHETIC (oracle/make-synthetic.cjs; pending debuts with newWSets, a former name, a volume receipt)
GREEN                  PORT-synthetic-pending-debut-counts-law-nothing-lost-SILENTLY-through-migrate-every-struck-set-is-a-filed-attested-correction  [sheet §A counts law / PRESENCE LAW + A3 kind correction (a strike is a NEW filed correction with a feed receipt, never a silent edit)]  — counts held on 10 classes; sets 10 → 10 (0 struck by filed attested corrections with feed receipts, 0 undeclared)
GREEN                  PORT-synthetic-pending-debut-census-v2-required-identical-to-golden  [owner ruling 2026-09-03: the port is proven by IDENTICAL reads (records DTO + lifts + energy + progression + today)]  — byte-identical required census (736 leaves, 2 active lifts)
GREEN                  PORT-live-manifest-pins-fixture-golden-engine-and-stamp  [manifest.json (immutable pins: fixture hash, golden hash, engine hash/commit, clock, zone, census version)]  — [private fixture: detail withheld in code] · PRIVATE — the athlete's live ledger, never shipped; verdict lines only
GREEN                  PORT-live-counts-law-nothing-lost-SILENTLY-through-migrate-every-struck-set-is-a-filed-attested-correction  [sheet §A counts law / PRESENCE LAW + A3 kind correction (a strike is a NEW filed correction with a feed receipt, never a silent edit)]  — [private fixture: detail withheld in code]
GREEN                  PORT-live-census-v2-required-identical-to-golden  [owner ruling 2026-09-03: the port is proven by IDENTICAL reads (records DTO + lifts + energy + progression + today)]  — [private fixture: detail withheld in code]
   10 GREEN · 0 RED-as-specified · 0 FAIL · 0 DEFECT · 0 HARNESS_ERROR
== PORT ORACLE v2 — sensitivity 'fix4b' vs golden 'main' (clock 2026-09-03 America/New_York; manifest PROVISIONAL — the FINAL golden is cut from the frozen old engine after the PROGRESSION-1 decision (owner); this golden is from main a0009c3 (v7.55.9, deployed main))
GREEN                  PORT-manifest-clock-zone-and-census-version-match-the-run  [Sol suite-pass-1 port objection 4 (fail closed)]  — {"manifest":["2026-09-03","America/New_York",3],"run":["2026-09-03","America/New_York",3]}
GREEN                  PORT-preimage-2026-08-15-manifest-pins-fixture-golden-engine-and-stamp  [manifest.json (immutable pins: fixture hash, golden hash, engine hash/commit, clock, zone, census version)]  — {"fixture":true,"golden":true,"goldenBlob":true,"stampEngine":true,"stampClock":true,"stampCensus":true} engine a0009c3 (v7.55.9, deployed main) · PUBLIC (repo tools/fixtures/ledger-preimage-2026-08-15.json)
GREEN                  PORT-preimage-2026-08-15-every-required-leaf-is-compared-perturbation-detected  [Sol suite-pass-1 port objection 6 (sensitivity of each census field)]  — 3897 leaves perturbed (all at once: 0 undetected; 40 single-leaf samples: 0 undetected)
GREEN                  PORT-preimage-2026-08-15-semantic-engine-and-input-mutants-change-the-required-census  [Sol suite-pass-2 port objection 7: wrong target for one lift · dropped former name · missing volume receipt · stale sighting record · missing proposed-debut vector · altered Today copy — each must be DETECTED]  — wrong-target-for-one-lift:DETECTED(1) · dropped-former-name:DETECTED(2) · missing-volume-receipt:DETECTED(7) · stale-sighting-record:DETECTED(3) · missing-proposed-debut-vector:NOT_APPLICABLE · altered-Today-copy:DETECTED(1)
GREEN                  PORT-preimage-2026-08-15-real-change-probe-fix4b-vs-golden-main-differs  [a changed engine must be DETECTED by the required census (fix4b is PACK 3's real change)]  — 44 differing paths by group {"migration":2,"records":14,"counts":1,"lifts":10,"energy":15,"progression":2} (values withheld in code)
GREEN                  PORT-synthetic-pending-debut-manifest-pins-fixture-golden-engine-and-stamp  [manifest.json (immutable pins: fixture hash, golden hash, engine hash/commit, clock, zone, census version)]  — {"fixture":true,"golden":true,"goldenBlob":true,"stampEngine":true,"stampClock":true,"stampCensus":true} engine a0009c3 (v7.55.9, deployed main) · SYNTHETIC (oracle/make-synthetic.cjs; pending debuts with newWSets, a former name, a volume receipt)
GREEN                  PORT-synthetic-pending-debut-every-required-leaf-is-compared-perturbation-detected  [Sol suite-pass-1 port objection 6 (sensitivity of each census field)]  — 736 leaves perturbed (all at once: 0 undetected; 40 single-leaf samples: 0 undetected)
GREEN                  PORT-synthetic-pending-debut-semantic-engine-and-input-mutants-change-the-required-census  [Sol suite-pass-2 port objection 7: wrong target for one lift · dropped former name · missing volume receipt · stale sighting record · missing proposed-debut vector · altered Today copy — each must be DETECTED]  — wrong-target-for-one-lift:DETECTED(1) · dropped-former-name:DETECTED(1) · missing-volume-receipt:DETECTED(6) · stale-sighting-record:DETECTED(3) · missing-proposed-debut-vector:DETECTED(1) · altered-Today-copy:DETECTED(1)
GREEN                  PORT-synthetic-pending-debut-real-change-probe-fix4b-vs-golden-main-differs  [a changed engine must be DETECTED by the required census (fix4b is PACK 3's real change)]  — 4 differing paths by group {"migration":1,"records":2,"lifts":1} (values withheld in code)
GREEN                  PORT-live-manifest-pins-fixture-golden-engine-and-stamp  [manifest.json (immutable pins: fixture hash, golden hash, engine hash/commit, clock, zone, census version)]  — [private fixture: detail withheld in code] · PRIVATE — the athlete's live ledger, never shipped; verdict lines only
GREEN                  PORT-live-every-required-leaf-is-compared-perturbation-detected  [Sol suite-pass-1 port objection 6 (sensitivity of each census field)]  — [private fixture: detail withheld in code]
GREEN                  PORT-live-semantic-engine-and-input-mutants-change-the-required-census  [Sol suite-pass-2 port objection 7: wrong target for one lift · dropped former name · missing volume receipt · stale sighting record · missing proposed-debut vector · altered Today copy — each must be DETECTED]  — [private fixture: detail withheld in code]
GREEN                  PORT-live-real-change-probe-fix4b-vs-golden-main-differs  [a changed engine must be DETECTED by the required census (fix4b is PACK 3's real change)]  — [private fixture: detail withheld in code]
   13 GREEN · 0 RED-as-specified · 0 FAIL · 0 DEFECT · 0 HARNESS_ERROR
== PORT ORACLE v2 — sensitivity 'fix4b' vs golden 'main' (clock 2026-09-03 America/New_York; manifest PROVISIONAL — the FINAL golden is cut from the frozen old engine after the PROGRESSION-1 decision (owner); this golden is from main a0009c3 (v7.55.9, deployed main))
GREEN                  PORT-manifest-clock-zone-and-census-version-match-the-run  [Sol suite-pass-1 port objection 4 (fail closed)]  — {"manifest":["2026-09-03","America/New_York",3],"run":["2026-09-03","America/New_York",3]}
GREEN                  PORT-preimage-2026-08-15-manifest-pins-fixture-golden-engine-and-stamp  [manifest.json (immutable pins: fixture hash, golden hash, engine hash/commit, clock, zone, census version)]  — {"fixture":true,"golden":true,"goldenBlob":true,"stampEngine":true,"stampClock":true,"stampCensus":true} engine a0009c3 (v7.55.9, deployed main) · PUBLIC (repo tools/fixtures/ledger-preimage-2026-08-15.json)
GREEN                  PORT-preimage-2026-08-15-every-required-leaf-is-compared-perturbation-detected  [Sol suite-pass-1 port objection 6 (sensitivity of each census field)]  — 3897 leaves perturbed (all at once: 0 undetected; 40 single-leaf samples: 0 undetected)
GREEN                  PORT-preimage-2026-08-15-semantic-engine-and-input-mutants-change-the-required-census  [Sol suite-pass-2 port objection 7: wrong target for one lift · dropped former name · missing volume receipt · stale sighting record · missing proposed-debut vector · altered Today copy — each must be DETECTED]  — wrong-target-for-one-lift:DETECTED(1) · dropped-former-name:DETECTED(2) · missing-volume-receipt:DETECTED(7) · stale-sighting-record:DETECTED(3) · missing-proposed-debut-vector:NOT_APPLICABLE · altered-Today-copy:DETECTED(1)
GREEN                  PORT-preimage-2026-08-15-real-change-probe-fix4b-vs-golden-main-differs  [a changed engine must be DETECTED by the required census (fix4b is PACK 3's real change)]  — 44 differing paths by group {"migration":2,"records":14,"counts":1,"lifts":10,"energy":15,"progression":2} (values withheld in code)
GREEN                  PORT-synthetic-pending-debut-manifest-pins-fixture-golden-engine-and-stamp  [manifest.json (immutable pins: fixture hash, golden hash, engine hash/commit, clock, zone, census version)]  — {"fixture":true,"golden":true,"goldenBlob":true,"stampEngine":true,"stampClock":true,"stampCensus":true} engine a0009c3 (v7.55.9, deployed main) · SYNTHETIC (oracle/make-synthetic.cjs; pending debuts with newWSets, a former name, a volume receipt)
GREEN                  PORT-synthetic-pending-debut-every-required-leaf-is-compared-perturbation-detected  [Sol suite-pass-1 port objection 6 (sensitivity of each census field)]  — 736 leaves perturbed (all at once: 0 undetected; 40 single-leaf samples: 0 undetected)
GREEN                  PORT-synthetic-pending-debut-semantic-engine-and-input-mutants-change-the-required-census  [Sol suite-pass-2 port objection 7: wrong target for one lift · dropped former name · missing volume receipt · stale sighting record · missing proposed-debut vector · altered Today copy — each must be DETECTED]  — wrong-target-for-one-lift:DETECTED(1) · dropped-former-name:DETECTED(1) · missing-volume-receipt:DETECTED(6) · stale-sighting-record:DETECTED(3) · missing-proposed-debut-vector:DETECTED(1) · altered-Today-copy:DETECTED(1)
GREEN                  PORT-synthetic-pending-debut-real-change-probe-fix4b-vs-golden-main-differs  [a changed engine must be DETECTED by the required census (fix4b is PACK 3's real change)]  — 4 differing paths by group {"migration":1,"records":2,"lifts":1} (values withheld in code)
GREEN                  PORT-live-manifest-pins-fixture-golden-engine-and-stamp  [manifest.json (immutable pins: fixture hash, golden hash, engine hash/commit, clock, zone, census version)]  — [private fixture: detail withheld in code] · PRIVATE — the athlete's live ledger, never shipped; verdict lines only
GREEN                  PORT-live-every-required-leaf-is-compared-perturbation-detected  [Sol suite-pass-1 port objection 6 (sensitivity of each census field)]  — [private fixture: detail withheld in code]
GREEN                  PORT-live-semantic-engine-and-input-mutants-change-the-required-census  [Sol suite-pass-2 port objection 7: wrong target for one lift · dropped former name · missing volume receipt · stale sighting record · missing proposed-debut vector · altered Today copy — each must be DETECTED]  — [private fixture: detail withheld in code]
GREEN                  PORT-live-real-change-probe-fix4b-vs-golden-main-differs  [a changed engine must be DETECTED by the required census (fix4b is PACK 3's real change)]  — [private fixture: detail withheld in code]
   13 GREEN · 0 RED-as-specified · 0 FAIL · 0 DEFECT · 0 HARNESS_ERROR
== 4 REFERENCE laws/sheet-A-authority.cjs
GREEN                  A1-authority-binds-the-client-commitment-in-the-receipt-unchanged  [sheet 96–100 + 107–108 (receipt carries canonical_content_commitment; HMAC verification is the K_identity holder's, not the P2-blind authority's — the client-side derivation is §B B-A1)]  — {"op_id":"op-w1","canonical_content_commitment":"86c666b27a4ed347fdbe4279dd3f28fc4fb4f43c3174182401befda7f8f3200d","device_id":"dev-A","device_seq":1,"status":"ACCEPTED","athlete_log_seq":1,"decided_a
GREEN                  A1-replay-same-op-id-same-commitment-returns-the-original-disposition-and-logs-nothing  [sheet 111–113]  — ["ACCEPTED","ACCEPTED",1]
GREEN                  A1-same-op-id-different-commitment-is-IDENTITY_COLLISION-slot-and-log-untouched-athlete-scoped  [sheet 111–113 (dedup scope per athlete)]  — ["IDENTITY_COLLISION","ACCEPTED","ACCEPTED"]
GREEN                  A1-athlete-log-seq-is-monotonic-and-a-child-admitted-later-gets-a-greater-seq  [sheet 107–110, 131–133]  — [1,2,3,4]
GREEN                  A2-device-seq-reuse-with-a-different-op-is-REJECTED-and-the-original-slot-replays-unchanged  [sheet 118–121]  — ["DEVICE_SEQ_REUSE","ACCEPTED",1]
GREEN                  A2-a-KNOWN-cross-athlete-reference-is-REJECTED-an-UNKNOWN-identity-WAITS  [sheet 128–131 (REFERENCES: known same-athlete → admit; known cross-athlete → REJECT state 19; not yet accepted → WAITING)]  — ["REJECTED","CROSS_ATHLETE_REFERENCE","WAITING"]
GREEN                  A2-a-stranded-WAITING-op-blocks-nothing-unrelated-on-the-same-device  [sheet 121–126 (rig152 Q1: transport order is not causality)]  — ["WAITING","ACCEPTED"]
GREEN                  A2-child-of-a-terminally-REJECTED-parent-is-REJECTED_DEPENDENCY-exactly-one-terminal-never-waits-for-ever  [sheet 123–127 + 131–135 (v1.7 group 1)]  — ["REJECTED","REJECTED_DEPENDENCY",["REJECTED_DEPENDENCY"]]
GREEN                  A2-child-before-parent-WAITING-then-ACCEPTED-append-only-history-replay-identical-exactly-one-terminal  [sheet 123–127 (DISPOSITION LIFECYCLE) + 133–137]  — ["WAITING","ACCEPTED"]
GREEN                  A2-terminal-disposition-replay-is-byte-identical-including-REJECTED  [sheet 111–113 + 126–127 (replay of a slot returns its current disposition; once terminal, always the same)]  — ["REJECTED","REJECTED","REJECTED"]
GREEN                  A2-lease-RANGE-exhaustion-is-refused-locally-slot-501-of-500-state-20  [sheet 137–146 (VALIDITY AT LOCAL COMMIT = time AND range; rig153 Q2)]  — slot 500 {"saved":true} slot 501 {"saved":false,"state":20,"reason":"range exhausted"}
GREEN                  A2-lease-TIME-expiry-is-refused-locally-by-the-monotonic-high-water-clock-rollback-does-not-revive  [sheet 137–149 (signed server time + monotonic high-water clock; clock rollback)]  — [{"saved":true},{"saved":false,"state":20,"reason":"expired"},{"saved":false,"state":20,"reason":"expired"}]
GREEN                  A2-lease-after-a-restore-without-clock-continuity-writes-are-refused-until-a-signed-server-time  [sheet 146–149 + state 20 (clock continuity cannot be proven after a restore/reboot)]  — [{"saved":false,"state":20,"reason":"clock continuity unproven"},{"saved":true}]
GREEN                  A2-a-leased-op-arriving-after-not_after-is-ACCEPTED-forged-unknown-out-of-range-and-revoked-are-REJECTED-by-code  [sheet 137–146 (never rejects an acknowledged operation merely because server receipt occurs after not_after) + state 19 codes]  — ["ACCEPTED","LEASE_FORGED","LEASE_UNKNOWN","DEVICE_SEQ_OUT_OF_RANGE","LEASE_REVOKED_BEYOND_BARRIER"]
GREEN                  A2-revocation-barrier-is-the-last-ACCEPTED-device-seq-loss-declared-never-retroactive-below-it  [sheet 141–145 (REVOCATION BARRIER) + state 17]  — {"barrier":2,"r3":"LEASE_REVOKED_BEYOND_BARRIER","log":2}
GREEN                  A2-malformed-admission-unitless-quantity-non-finite-stray-or-missing-target-missing-offset-are-REJECTED-MALFORMED  [sheet 150–158 (A3: every quantity carries its unit; kind model; target_op_id REQUIRED for correction/reclassification/tombstone ONLY) + 202 (A4 rejects non-finite)]  — ["unitless:MALFORMED","non-finite:MALFORMED","stray-target-on-a-fact:MALFORMED","correction-without-target:MALFORMED","no-effective-offset:MALFORMED"]
GREEN                  A2-correction-and-tombstone-are-NEW-ops-targeting-an-accepted-op-the-target-is-never-edited  [sheet 105–107 + 155 (target_op_id REQUIRED for correction, reclassification and tombstone ONLY; the target is never edited)]  — ["ACCEPTED","ACCEPTED",3]
GREEN                  A5-a-valid-direct-plan-edit-is-ACCEPTED-with-exactly-ONE-plan-transaction-the-plan-changes-replay-is-identical-and-adds-no-transaction  [sheet 26 + 194–197 (ATOMIC DIRECT-EDIT ADMISSION) + A5 252]  — {"before":150,"after":155,"txns":1}
GREEN                  A5-a-crash-between-admission-and-plan-transaction-leaves-BOTH-or-NEITHER-and-the-retry-is-never-a-second-apply  [sheet 194–197 (Sol 4: an authority crash between the two would drain the outbox as Synced while the shared plan never changed)]  — crash → UNAVAILABLE plan 150 · retry ACCEPTED txns 1
GREEN                  A-every-disposition-is-authority-signed-and-a-tampered-one-fails-verification  [sheet 121–123 (authenticated OPERATION DISPOSITION {…, authority_signature})]  — ["ACCEPTED","REJECTED","WAITING"]
GREEN                  A-state-4-concurrent-plan-transactions-are-both-retained-the-smallest-NUMERIC-lineage-key-is-effective-copy-names-N-and-the-alternatives  [sheet 366–375 (state 4: causal-maximal set, lineage key K_g, no silent loser) + 379–384 (copy)]  — {"maxima":["op-t1","op-t2"],"effective":"op-t1","keys":{"op-t1":[1],"op-t2":[2]},"copy":"Earned found 2 current versions of this plan. It is using [155] for now. 1 alternative is in History."}
GREEN                  A-state-4-lineage-key-ordering-is-NUMERIC-vector-order-not-string-order-key-2-beats-key-10  [sheet 369–372 (K_g(t) = [athlete_log_seq] … min_lex over ancestry keys followed by athlete_log_seq — a numeric vector)]  — {"keys":{"op-tB":[2],"op-tA":[10]},"effective":"op-tB"}
GREEN                  A-state-4-a-real-conflict-selection-op-commits-ONE-transaction-by-compare-and-append-on-seen-conflict-basis-atomically-and-replays-the-durable-result  [sheet 154 + 169–173 (conflict-selection kind: conflict_domain_id, lineage, requested_transaction_id, seen_conflict_basis, chosen alternative commitment — admission and the CAS outcome are ONE atomic commit; replay returns that result) + 375–379]  — {"crash":"UNAVAILABLE","midTxns":2,"rs":["ACCEPTED",true],"effective":"op-sel","plan":165,"notMax":"MALFORMED"}
GREEN                  A-state-4-a-STALE-seen-conflict-basis-is-retained-as-non-applied-History-and-a-lineage-mismatch-is-REJECTED  [sheet 375–379 (if another maximum arrived first, the selection is retained as non-applied History … never silently added as a parent; rig152 Q3) + 254–257 (stable conflict_domain_lineage_id)]  — {"rs":["ACCEPTED",false,"BASIS_STALE"],"maxima":["op-t1","op-t2","op-t3"],"rb":"LINEAGE_MISMATCH"}
GREEN                  A-state-4-N-way-three-alternatives-one-selection-covers-every-maximum  [sheet 375–377 (RESOLUTION, any N: parents = EVERY current causal-maximal transaction) + 381–382 (N > 2 → Review {N−1} alternatives)]  — {"maxima":["op-t1","op-t2","op-t3"],"parents":["op-t1","op-t2","op-t3"],"plan":170}
GREEN                  A5-undo-eligible-only-when-the-target-is-the-unique-unsuspended-maximum-with-a-matching-effect-digest-compensation-appended-once-otherwise-retained-with-the-governing-plan-copy  [sheet 261–271 (UNDO: target_plan_transaction_id, seen_plan_basis, target_effect_digest, compensating-group commitment; unique causal maximum; compare-and-append; retained non-applied with copy; at most one compensation; never overwrites a later transaction)]  — {"ru":[true,150],"late":[false,"Undo couldn't be applied — the plan changed first: 170 protein_g is in effect."]}
GREEN                  A-state-8-instance-identity-is-derived-from-the-issuance-content-two-devices-same-offer-share-one-instance-and-at-most-one-effect  [sheet 450–453 (ISSUANCE FIRST; two current devices issuing the same offer share one instance — rig151 Q2) + 463–466 (UNIQUENESS: at most ONE successful plan effect per instance)]  — {"i1":"inst-88280661381f","i2":"inst-88280661381f","i3":"inst-5358ac78a8b0","ap1":"effective","ap2":["effective","EXISTING_TRANSACTION"],"txns":1}
GREEN                  A-state-8-coverage-check-pauses-application-behind-an-unrelated-op-a-basis-confirmation-proceeds-Keep-settles-with-no-effect-contradictory-answers-conflict-suspend  [sheet 457–467 (COVERAGE CHECK A6; APPLY RESULT statuses; decision_settled_no_effect; contradictory antichain → state 5) + 277–284]  — {"paused":"PAUSED_COVERAGE","applied":"effective","keep":"decision_settled_no_effect","contra":"conflict_suspended"}
GREEN                  A-state-15-semantic-order-is-causal-parents-only-device-seq-never-causality-two-arrival-orders-reduce-identically  [sheet 586–590 (state 15 CLOCK: SEMANTIC order is causal_parents only; athlete_log_seq the tie-break; device_seq and device_predecessor_op_id are transport order) + 121–126]  — {"ab":{"plan":165,"eff":"op-tB","maxima":["op-tB"]},"ba":{"plan":165,"eff":"op-tB","maxima":["op-tB"]}}
GREEN                  A-state-16-export-is-pinned-to-W-labelled-Complete-through-W-a-non-empty-outbox-makes-it-PARTIAL-with-the-pending-count-and-the-other-device-note  [sheet 591–596 (state 16 EXPORT)]  — {"full":"Complete through W2 for all synced records","part":"Partial export — this device's watermark 2, 3 entries still pending"}
GREEN                  A2-operation-ownership-is-PER-ATHLETE-two-athletes-sharing-an-op-id-never-cross-reject-each-other's-own-references  [sheet 111–112 (op_id deduplication scope is per athlete) + 128–131; Sol suite-pass-2 finding 6]  — "ACCEPTED "
GREEN                  A2-local-commit-validates-the-lease-signature-device-and-athlete-binding-lease-id-schema-not-before-and-not-after  [sheet 137–149 (OFFLINE-WRITE LEASE = an authentic device/schema CAPABILITY; VALIDITY AT LOCAL COMMIT) + state 20; Sol suite-pass-2 finding 6]  — {"good":{"saved":true},"forged":"no valid lease (signature)","wrongDev":"lease not bound to this device/athlete/op","wrongAth":"lease not bound to this device/athlete/op","schema":"schema lease mismatch — update Earned","early":"before not_before","wrongId":"lease not bound to this device/athlete/op
GREEN                  A4-payload-completeness-every-class-carries-its-required-fields-and-a-central-estimate-lies-inside-its-endpoints  [sheet 201–212 (A4 PAYLOAD by class: reading {lb} · steps {count} · sleep {hours} · event {type, interval} · illness {interval} · pain {scope} · setup-note {text non-empty} · body-composition source {kind, quantity+unit, endpoints, central? low ≤ point ≤ high, provenance, effective date})]  — ["steps-no-count:MALFORMED","sleep-no-hours:MALFORMED","event-no-interval:MALFORMED","setup-note-empty:MALFORMED","bcs-point-outside:MALFORMED","ACCEPTED","ACCEPTED","ACCEPTED","ACCEPTED","ACCEPTED"]
GREEN                  A4-reclassification-only-between-declared-payload-compatible-classes-otherwise-a-complete-validated-destination-payload-is-required-the-old-payload-is-never-reinterpreted  [sheet 207–210 (reclassification {replacement_class — ONLY between declared payload-compatible classes …; the old payload is never reinterpreted under the new class name})]  — ["ACCEPTED","MALFORMED","ACCEPTED"]
   34 GREEN · 0 RED-as-specified · 0 FAIL · 0 DEFECT · 0 HARNESS_ERROR
== MUTANTS 5 MUTANTS laws/sheet-A-authority.cjs
STRONG                 A1-authority-binds-the-client-commitment-in-the-receipt-unchanged  caught:receipt-carries-a-recomputed-commitment · caught:unsigned-disposition
STRONG                 A1-replay-same-op-id-same-commitment-returns-the-original-disposition-and-logs-nothing  caught:replay-re-admits-and-logs-again
STRONG                 A1-same-op-id-different-commitment-is-IDENTITY_COLLISION-slot-and-log-untouched-athlete-scoped  caught:different-commitment-treated-as-replay
STRONG                 A1-athlete-log-seq-is-monotonic-and-a-child-admitted-later-gets-a-greater-seq  caught:seq-reused-across-accepts
STRONG                 A2-device-seq-reuse-with-a-different-op-is-REJECTED-and-the-original-slot-replays-unchanged  caught:slot-overwritten-by-the-later-op
STRONG                 A2-a-KNOWN-cross-athlete-reference-is-REJECTED-an-UNKNOWN-identity-WAITS  caught:unknown-identity-rejected-instead-of-waiting · caught:known-cross-athlete-reference-admitted
STRONG                 A2-a-stranded-WAITING-op-blocks-nothing-unrelated-on-the-same-device  caught:predecessor-treated-as-a-causal-parent
STRONG                 A2-child-of-a-terminally-REJECTED-parent-is-REJECTED_DEPENDENCY-exactly-one-terminal-never-waits-for-ever  caught:child-waits-for-ever-behind-a-rejected-parent
STRONG                 A2-child-before-parent-WAITING-then-ACCEPTED-append-only-history-replay-identical-exactly-one-terminal  caught:child-rejected-for-delivery-order · caught:history-not-append-only
STRONG                 A2-terminal-disposition-replay-is-byte-identical-including-REJECTED  caught:replay-of-a-rejected-op-re-evaluates
STRONG                 A2-lease-RANGE-exhaustion-is-refused-locally-slot-501-of-500-state-20  caught:time-only-validity
STRONG                 A2-lease-TIME-expiry-is-refused-locally-by-the-monotonic-high-water-clock-rollback-does-not-revive  caught:range-only-validity · caught:wall-clock-instead-of-high-water
STRONG                 A2-lease-after-a-restore-without-clock-continuity-writes-are-refused-until-a-signed-server-time  caught:continuity-assumed-after-restore
STRONG                 A2-a-leased-op-arriving-after-not_after-is-ACCEPTED-forged-unknown-out-of-range-and-revoked-are-REJECTED-by-code  caught:late-arrival-rejected · caught:accepts-every-capability-unvalidated · caught:range-unchecked-at-the-authority · caught:revocation-barrier-unchecked
STRONG                 A2-revocation-barrier-is-the-last-ACCEPTED-device-seq-loss-declared-never-retroactive-below-it  caught:barrier-is-zero-retroactive · caught:loss-not-declared · caught:no-barrier-at-all
STRONG                 A2-malformed-admission-unitless-quantity-non-finite-stray-or-missing-target-missing-offset-are-REJECTED-MALFORMED  caught:shape-unvalidated
STRONG                 A2-correction-and-tombstone-are-NEW-ops-targeting-an-accepted-op-the-target-is-never-edited  caught:correction-edits-the-target-in-place
STRONG                 A5-a-valid-direct-plan-edit-is-ACCEPTED-with-exactly-ONE-plan-transaction-the-plan-changes-replay-is-identical-and-adds-no-transaction  caught:admission-without-the-plan-transaction · caught:replay-applies-a-second-transaction
STRONG                 A5-a-crash-between-admission-and-plan-transaction-leaves-BOTH-or-NEITHER-and-the-retry-is-never-a-second-apply  caught:torn-commit-admission-durable-plan-not
STRONG                 A-every-disposition-is-authority-signed-and-a-tampered-one-fails-verification  caught:unsigned-disposition
STRONG                 A-state-4-concurrent-plan-transactions-are-both-retained-the-smallest-NUMERIC-lineage-key-is-effective-copy-names-N-and-the-alternatives  caught:winner-only-folding-loser-dropped
STRONG                 A-state-4-lineage-key-ordering-is-NUMERIC-vector-order-not-string-order-key-2-beats-key-10  caught:lineage-keys-compared-as-JSON-strings
STRONG                 A-state-4-a-real-conflict-selection-op-commits-ONE-transaction-by-compare-and-append-on-seen-conflict-basis-atomically-and-replays-the-durable-result  caught:selection-not-atomic-with-admission · caught:chosen-alternative-not-required-to-be-a-maximum
STRONG                 A-state-4-a-STALE-seen-conflict-basis-is-retained-as-non-applied-History-and-a-lineage-mismatch-is-REJECTED  caught:stale-basis-applied-anyway · caught:lineage-unchecked
STRONG                 A-state-4-N-way-three-alternatives-one-selection-covers-every-maximum  caught:selection-parents-cover-only-one-maximum
STRONG                 A5-undo-eligible-only-when-the-target-is-the-unique-unsuspended-maximum-with-a-matching-effect-digest-compensation-appended-once-otherwise-retained-with-the-governing-plan-copy  caught:undo-ignores-eligibility-overwrites-the-later-transaction
STRONG                 A-state-8-instance-identity-is-derived-from-the-issuance-content-two-devices-same-offer-share-one-instance-and-at-most-one-effect  caught:instance-minted-per-issuance · caught:second-response-applies-a-second-effect · caught:apply-not-idempotent-by-request-id
STRONG                 A-state-8-coverage-check-pauses-application-behind-an-unrelated-op-a-basis-confirmation-proceeds-Keep-settles-with-no-effect-contradictory-answers-conflict-suspend  caught:coverage-check-skipped
STRONG                 A-state-15-semantic-order-is-causal-parents-only-device-seq-never-causality-two-arrival-orders-reduce-identically  caught:effective-time-decides-order
STRONG                 A-state-16-export-is-pinned-to-W-labelled-Complete-through-W-a-non-empty-outbox-makes-it-PARTIAL-with-the-pending-count-and-the-other-device-note  caught:unqualified-Complete-label
STRONG                 A2-operation-ownership-is-PER-ATHLETE-two-athletes-sharing-an-op-id-never-cross-reject-each-other's-own-references  caught:global-op-ownership-overwritten
STRONG                 A2-local-commit-validates-the-lease-signature-device-and-athlete-binding-lease-id-schema-not-before-and-not-after  caught:signature-unchecked-locally · caught:binding-unchecked-locally · caught:schema-unchecked-locally · caught:not-before-unchecked
STRONG                 A4-payload-completeness-every-class-carries-its-required-fields-and-a-central-estimate-lies-inside-its-endpoints  caught:payload-completeness-unchecked
STRONG                 A4-reclassification-only-between-declared-payload-compatible-classes-otherwise-a-complete-validated-destination-payload-is-required-the-old-payload-is-never-reinterpreted  caught:any-class-reclassifies-to-any-class
   34 STRONG · 0 WEAK · 0 NO_MUTANT · 0 REFERENCE_FAIL · 0 HARNESS_ERROR
== 6 ADAPTERS laws/sheet-A-authority.cjs (family authority ABSENT)
RED(as specified)      A1-authority-binds-the-client-commitment-in-the-receipt-unchanged  [sheet 96–100 + 107–108 (receipt carries canonical_content_commitment; HMAC verification is the K_identity holder's, not the P2-blind authority's — the client-side derivation is §B B-A1)]  — NOT_IMPLEMENTED: adapters/authority.cjs — the product authority (tranche T3)
RED(as specified)      A1-replay-same-op-id-same-commitment-returns-the-original-disposition-and-logs-nothing  [sheet 111–113]  — NOT_IMPLEMENTED: adapters/authority.cjs — the product authority (tranche T3)
RED(as specified)      A1-same-op-id-different-commitment-is-IDENTITY_COLLISION-slot-and-log-untouched-athlete-scoped  [sheet 111–113 (dedup scope per athlete)]  — NOT_IMPLEMENTED: adapters/authority.cjs — the product authority (tranche T3)
RED(as specified)      A1-athlete-log-seq-is-monotonic-and-a-child-admitted-later-gets-a-greater-seq  [sheet 107–110, 131–133]  — NOT_IMPLEMENTED: adapters/authority.cjs — the product authority (tranche T3)
RED(as specified)      A2-device-seq-reuse-with-a-different-op-is-REJECTED-and-the-original-slot-replays-unchanged  [sheet 118–121]  — NOT_IMPLEMENTED: adapters/authority.cjs — the product authority (tranche T3)
RED(as specified)      A2-a-KNOWN-cross-athlete-reference-is-REJECTED-an-UNKNOWN-identity-WAITS  [sheet 128–131 (REFERENCES: known same-athlete → admit; known cross-athlete → REJECT state 19; not yet accepted → WAITING)]  — NOT_IMPLEMENTED: adapters/authority.cjs — the product authority (tranche T3)
RED(as specified)      A2-a-stranded-WAITING-op-blocks-nothing-unrelated-on-the-same-device  [sheet 121–126 (rig152 Q1: transport order is not causality)]  — NOT_IMPLEMENTED: adapters/authority.cjs — the product authority (tranche T3)
RED(as specified)      A2-child-of-a-terminally-REJECTED-parent-is-REJECTED_DEPENDENCY-exactly-one-terminal-never-waits-for-ever  [sheet 123–127 + 131–135 (v1.7 group 1)]  — NOT_IMPLEMENTED: adapters/authority.cjs — the product authority (tranche T3)
RED(as specified)      A2-child-before-parent-WAITING-then-ACCEPTED-append-only-history-replay-identical-exactly-one-terminal  [sheet 123–127 (DISPOSITION LIFECYCLE) + 133–137]  — NOT_IMPLEMENTED: adapters/authority.cjs — the product authority (tranche T3)
RED(as specified)      A2-terminal-disposition-replay-is-byte-identical-including-REJECTED  [sheet 111–113 + 126–127 (replay of a slot returns its current disposition; once terminal, always the same)]  — NOT_IMPLEMENTED: adapters/authority.cjs — the product authority (tranche T3)
RED(as specified)      A2-lease-RANGE-exhaustion-is-refused-locally-slot-501-of-500-state-20  [sheet 137–146 (VALIDITY AT LOCAL COMMIT = time AND range; rig153 Q2)]  — NOT_IMPLEMENTED: adapters/authority.cjs — the product authority (tranche T3)
RED(as specified)      A2-lease-TIME-expiry-is-refused-locally-by-the-monotonic-high-water-clock-rollback-does-not-revive  [sheet 137–149 (signed server time + monotonic high-water clock; clock rollback)]  — NOT_IMPLEMENTED: adapters/authority.cjs — the product authority (tranche T3)
RED(as specified)      A2-lease-after-a-restore-without-clock-continuity-writes-are-refused-until-a-signed-server-time  [sheet 146–149 + state 20 (clock continuity cannot be proven after a restore/reboot)]  — NOT_IMPLEMENTED: adapters/authority.cjs — the product authority (tranche T3)
RED(as specified)      A2-a-leased-op-arriving-after-not_after-is-ACCEPTED-forged-unknown-out-of-range-and-revoked-are-REJECTED-by-code  [sheet 137–146 (never rejects an acknowledged operation merely because server receipt occurs after not_after) + state 19 codes]  — NOT_IMPLEMENTED: adapters/authority.cjs — the product authority (tranche T3)
RED(as specified)      A2-revocation-barrier-is-the-last-ACCEPTED-device-seq-loss-declared-never-retroactive-below-it  [sheet 141–145 (REVOCATION BARRIER) + state 17]  — NOT_IMPLEMENTED: adapters/authority.cjs — the product authority (tranche T3)
RED(as specified)      A2-malformed-admission-unitless-quantity-non-finite-stray-or-missing-target-missing-offset-are-REJECTED-MALFORMED  [sheet 150–158 (A3: every quantity carries its unit; kind model; target_op_id REQUIRED for correction/reclassification/tombstone ONLY) + 202 (A4 rejects non-finite)]  — NOT_IMPLEMENTED: adapters/authority.cjs — the product authority (tranche T3)
RED(as specified)      A2-correction-and-tombstone-are-NEW-ops-targeting-an-accepted-op-the-target-is-never-edited  [sheet 105–107 + 155 (target_op_id REQUIRED for correction, reclassification and tombstone ONLY; the target is never edited)]  — NOT_IMPLEMENTED: adapters/authority.cjs — the product authority (tranche T3)
RED(as specified)      A5-a-valid-direct-plan-edit-is-ACCEPTED-with-exactly-ONE-plan-transaction-the-plan-changes-replay-is-identical-and-adds-no-transaction  [sheet 26 + 194–197 (ATOMIC DIRECT-EDIT ADMISSION) + A5 252]  — NOT_IMPLEMENTED: adapters/authority.cjs — the product authority (tranche T3)
RED(as specified)      A5-a-crash-between-admission-and-plan-transaction-leaves-BOTH-or-NEITHER-and-the-retry-is-never-a-second-apply  [sheet 194–197 (Sol 4: an authority crash between the two would drain the outbox as Synced while the shared plan never changed)]  — NOT_IMPLEMENTED: adapters/authority.cjs — the product authority (tranche T3)
RED(as specified)      A-every-disposition-is-authority-signed-and-a-tampered-one-fails-verification  [sheet 121–123 (authenticated OPERATION DISPOSITION {…, authority_signature})]  — NOT_IMPLEMENTED: adapters/authority.cjs — the product authority (tranche T3)
RED(as specified)      A-state-4-concurrent-plan-transactions-are-both-retained-the-smallest-NUMERIC-lineage-key-is-effective-copy-names-N-and-the-alternatives  [sheet 366–375 (state 4: causal-maximal set, lineage key K_g, no silent loser) + 379–384 (copy)]  — NOT_IMPLEMENTED: adapters/authority.cjs — the product authority (tranche T3)
RED(as specified)      A-state-4-lineage-key-ordering-is-NUMERIC-vector-order-not-string-order-key-2-beats-key-10  [sheet 369–372 (K_g(t) = [athlete_log_seq] … min_lex over ancestry keys followed by athlete_log_seq — a numeric vector)]  — NOT_IMPLEMENTED: adapters/authority.cjs — the product authority (tranche T3)
RED(as specified)      A-state-4-a-real-conflict-selection-op-commits-ONE-transaction-by-compare-and-append-on-seen-conflict-basis-atomically-and-replays-the-durable-result  [sheet 154 + 169–173 (conflict-selection kind: conflict_domain_id, lineage, requested_transaction_id, seen_conflict_basis, chosen alternative commitment — admission and the CAS outcome are ONE atomic commit; replay returns that result) + 375–379]  — NOT_IMPLEMENTED: adapters/authority.cjs — the product authority (tranche T3)
RED(as specified)      A-state-4-a-STALE-seen-conflict-basis-is-retained-as-non-applied-History-and-a-lineage-mismatch-is-REJECTED  [sheet 375–379 (if another maximum arrived first, the selection is retained as non-applied History … never silently added as a parent; rig152 Q3) + 254–257 (stable conflict_domain_lineage_id)]  — NOT_IMPLEMENTED: adapters/authority.cjs — the product authority (tranche T3)
RED(as specified)      A-state-4-N-way-three-alternatives-one-selection-covers-every-maximum  [sheet 375–377 (RESOLUTION, any N: parents = EVERY current causal-maximal transaction) + 381–382 (N > 2 → Review {N−1} alternatives)]  — NOT_IMPLEMENTED: adapters/authority.cjs — the product authority (tranche T3)
RED(as specified)      A5-undo-eligible-only-when-the-target-is-the-unique-unsuspended-maximum-with-a-matching-effect-digest-compensation-appended-once-otherwise-retained-with-the-governing-plan-copy  [sheet 261–271 (UNDO: target_plan_transaction_id, seen_plan_basis, target_effect_digest, compensating-group commitment; unique causal maximum; compare-and-append; retained non-applied with copy; at most one compensation; never overwrites a later transaction)]  — NOT_IMPLEMENTED: adapters/authority.cjs — the product authority (tranche T3)
RED(as specified)      A-state-8-instance-identity-is-derived-from-the-issuance-content-two-devices-same-offer-share-one-instance-and-at-most-one-effect  [sheet 450–453 (ISSUANCE FIRST; two current devices issuing the same offer share one instance — rig151 Q2) + 463–466 (UNIQUENESS: at most ONE successful plan effect per instance)]  — NOT_IMPLEMENTED: adapters/authority.cjs — the product authority (tranche T3)
RED(as specified)      A-state-8-coverage-check-pauses-application-behind-an-unrelated-op-a-basis-confirmation-proceeds-Keep-settles-with-no-effect-contradictory-answers-conflict-suspend  [sheet 457–467 (COVERAGE CHECK A6; APPLY RESULT statuses; decision_settled_no_effect; contradictory antichain → state 5) + 277–284]  — NOT_IMPLEMENTED: adapters/authority.cjs — the product authority (tranche T3)
RED(as specified)      A-state-15-semantic-order-is-causal-parents-only-device-seq-never-causality-two-arrival-orders-reduce-identically  [sheet 586–590 (state 15 CLOCK: SEMANTIC order is causal_parents only; athlete_log_seq the tie-break; device_seq and device_predecessor_op_id are transport order) + 121–126]  — NOT_IMPLEMENTED: adapters/authority.cjs — the product authority (tranche T3)
RED(as specified)      A-state-16-export-is-pinned-to-W-labelled-Complete-through-W-a-non-empty-outbox-makes-it-PARTIAL-with-the-pending-count-and-the-other-device-note  [sheet 591–596 (state 16 EXPORT)]  — NOT_IMPLEMENTED: adapters/authority.cjs — the product authority (tranche T3)
RED(as specified)      A2-operation-ownership-is-PER-ATHLETE-two-athletes-sharing-an-op-id-never-cross-reject-each-other's-own-references  [sheet 111–112 (op_id deduplication scope is per athlete) + 128–131; Sol suite-pass-2 finding 6]  — NOT_IMPLEMENTED: adapters/authority.cjs — the product authority (tranche T3)
RED(as specified)      A2-local-commit-validates-the-lease-signature-device-and-athlete-binding-lease-id-schema-not-before-and-not-after  [sheet 137–149 (OFFLINE-WRITE LEASE = an authentic device/schema CAPABILITY; VALIDITY AT LOCAL COMMIT) + state 20; Sol suite-pass-2 finding 6]  — NOT_IMPLEMENTED: adapters/authority.cjs — the product authority (tranche T3)
RED(as specified)      A4-payload-completeness-every-class-carries-its-required-fields-and-a-central-estimate-lies-inside-its-endpoints  [sheet 201–212 (A4 PAYLOAD by class: reading {lb} · steps {count} · sleep {hours} · event {type, interval} · illness {interval} · pain {scope} · setup-note {text non-empty} · body-composition source {kind, quantity+unit, endpoints, central? low ≤ point ≤ high, provenance, effective date})]  — NOT_IMPLEMENTED: adapters/authority.cjs — the product authority (tranche T3)
RED(as specified)      A4-reclassification-only-between-declared-payload-compatible-classes-otherwise-a-complete-validated-destination-payload-is-required-the-old-payload-is-never-reinterpreted  [sheet 207–210 (reclassification {replacement_class — ONLY between declared payload-compatible classes …; the old payload is never reinterpreted under the new class name})]  — NOT_IMPLEMENTED: adapters/authority.cjs — the product authority (tranche T3)
   0 GREEN · 34 RED-as-specified · 0 FAIL · 0 DEFECT · 0 HARNESS_ERROR
== 4 REFERENCE laws/sheet-B-client.cjs
GREEN                  B-durability-every-named-action-is-acknowledged-only-after-ONE-durable-local-transaction-of-op-plus-outbox  [sheet 318–320 (durability rule: Weigh in, LOG SET, a decision, a correction, a tombstone, an undo request, FINISH SESSION; if that write fails, nothing is acknowledged — state 3)]  — {"good":7,"refused":[3,3,3,3,3,3,3],"crash":[3,3,3,3,3,3,3],"crashOutbox":0}
GREEN                  B-copy-law-Saved-Sent-Synced-Applied-are-four-facts-and-a-plan-transaction-is-Applied-only-when-committed-effective-and-received  [sheet 321–323 (copy law)]  — ["Saved on this phone · not yet synced","Changes sent · receiving updates","Synced 2026-09-04T00:00:00Z","Synced 2026-09-04T00:00:00Z","Applied 09:10"]
GREEN                  B1-two-layers-never-mixed-an-offline-plan-edit-is-the-LIVE-Layer-1-plan-never-the-last-sync-value  [sheet 329–333 (rig150 Q2)]  — {"l1":{"steps":10000},"l2i":null}
GREEN                  B1-dependency-aware-withdrawal-only-outputs-that-depend-on-the-touched-fact-are-withdrawn-correction-event-guard-and-unrelated-cases  [sheet 336–342 (Sol 8)]  — {"afterEdit":["protein-ok","sleep-note"],"untouched":["keep-steps","protein-ok","sleep-note"]}
GREEN                  B1-local-operations-never-create-a-derived-number-and-touched-instructions-proposals-and-action-loci-are-suppressed  [sheet 333–336 ([R4]) + 342–344 (a projection labelled as-of never drives a current action)]  — {"trend":171.4,"instrBefore":"Keep 8,000 steps","instrAfter":null,"loci":0}
GREEN                  B1-a-response-to-a-proposal-alters-no-live-plan-and-is-a-durable-answer-in-the-outbox  [sheet 346–348]  — {"plan":{"protein":150},"answers":1,"outbox":1}
GREEN                  B1-D7-ladder-from-dated-reads-in-the-athlete-zone-2-no-weigh-in-today-3-and-6-stale-Keep-for-now-7-Re-entry-suppresses  [sheet 342–345 + 695–696 (three boards: no weigh-in today (<3) · stale 3–6 ("Keep for now") · long gap ≥7 (Re-entry))]  — {"b2":"NO_WEIGH_IN_TODAY","b3":["STALE","Keep for now"],"b6":"STALE","b7":["RE_ENTRY",null]}
GREEN                  B2-drain-point-is-the-stored-AUTHENTICATED-disposition-forged-wrong-op-wrong-commitment-and-WAITING-never-drain  [sheet 355–358]  — {"o1":1,"rf":{"stored":false,"reason":"signature or commitment mismatch"},"rw":{"stored":false,"reason":"unknown op_id"},"rc":{"stored":false,"reason":"signature or commitment mismatch"},"rwait":{"stored":true,"drained":false},"o2":1,"o3":0}
GREEN                  B2-a-lost-acknowledgement-retries-the-SAME-op-id-on-an-eligible-retry-tick-with-backoff  [sheet 353–354 + 358 (automatic retry with backoff; a lost acknowledgement retries the SAME op_id)]  — [{"op_id":"op-dev-A-1","at":0},{"op_id":"op-dev-A-1","at":1000},{"op_id":"op-dev-A-1","at":3000}]
GREEN                  B-frontier-W-is-the-CONTIGUOUS-reduced-through-watermark-an-out-of-order-receipt-does-not-advance-it  [sheet 109–111 (FRONTIER = contiguous watermark W, never one operation's number)]  — [2,4]
GREEN                  B9-cold-start-paints-a-SKELETON-of-the-last-synced-plan-and-no-derived-number-before-the-complete-local-frontier  [sheet 483–485]  — {"paint":"SKELETON","state":9,"layer1":{"plan":{"protein":150},"planProvenance":null,"label":"last synced 2026-09-03T06:00Z"},"layer2":{"trend":null,"rate":null,"maintenance":null,"instruction":null,"outputs":[],"proposals":[]},"today":""}
GREEN                  B10-first-use-no-accepted-plan-exists-before-consent-face-and-plan-and-transactions-agree-then-an-initial-plan-carries-provenance  [sheet 486–493 (first use: Today reads 'first use, no accepted plan' — never 'stands' or 'Keep' — until the athlete accepts an initial plan transaction)]  — {"before":"first use, no accepted plan","p0":null,"t0":[],"after":"","provenance":"consented"}
GREEN                  B10-lean-mass-derivation-uses-1-minus-bodyfat-never-bodyfat-and-a-missing-central-estimate-is-labelled-midpoint  [sheet 497–500 (rig152 Q2) + D13 lean_anchor midpoint rule]  — [{"low":134.4,"high":140.8,"point":137.6,"label":"point"},{"low":134.4,"high":140.8,"label":"midpoint"}]
GREEN                  B10-logging-a-session-never-creates-or-accepts-a-plan  [sheet 492–493 (Logging never creates or accepts a plan)]  — {"today":"first use, no accepted plan","plan":null}
GREEN                  B10-after-logging-the-initial-plan-offer-has-equal-UNSELECTED-choices  [sheet 492–493 (the app may offer those facts as an explicit initial-plan proposal with equal, unselected choices)]  — [{"kind":"INITIAL_PLAN","choices":[{"id":"from-session","label":"Start from today's session","selected":false},{"id":"no-plan","label":"No accepted training plan yet","selected":false}]}]
GREEN                  B-presence-law-intake-is-an-athlete-authored-fact-with-an-op-identity-or-ABSENT-never-a-target-and-never-any-other-derived-value  [sheet 248 (A4 PRESENCE LAW: absent is absent — not 0, not "", not a default)]  — {"d1":{"intakeState":"ABSENT"},"d2":{"intake":2310,"intakeState":"ATHLETE_LOGGED","op_id":"op-food-2"},"mi":[{"date":"2026-09-01","source":"ABSENT"},{"date":"2026-09-02","intake":2310,"source":"ATHLETE_LOGGED","op_id":"op-food-2"},{"date":"2026-09-03","source":"ABSENT"}]}
GREEN                  B14-multi-device-session-ambiguity-3-devices-the-decision-is-a-COMPLETE-partition-with-basis-and-generation-canonical-members-progression-bearing-nowhere-while-unresolved  [sheet 552–585 (v1.6 group 13: N-way, one ambiguity component, a complete partition as the decision)]  — {"q":{"component":["s1","s2","s3"],"decision":null,"kind":"PARTITION","generation":1,"progressionBearing":false,"candidates":["s1","s2","s3"]},"partial":{"refused":true,"reason":"not a complete partition of the component"},"full":{"kind":"PARTITION","blocks":[["s1","s2"],["s3"]],"basis":"plan-basis-
GREEN                  B20-lease-expired-refuses-writes-keeps-the-entered-value-names-the-resolution  [sheet 623–630 (state 20 EXPIRY)]  — {"acknowledged":false,"state":20,"copy":"Connect once to keep saving — Earned can't promise this phone's entries will be accepted after 2026-09-01 without checking in."}
GREEN                  B-state-17-a-LIVE-client-with-durable-unsynced-entries-transitions-on-revocation-refuses-new-writes-keeps-values-keeps-the-entries-promises-no-sync-names-the-resolution-never-first-use  [sheet 597–603 (state 17 WRITE PERMISSION) + 80 + 142–145]  — {"before":2,"rv":{"state":17,"retained":2,"promiseSync":false,"copy":"This phone was removed from your account — sign in to re-enrol it"},"r":[false,17],"retained":2,"resolution":"This phone was removed from your account — sign in to re-enrol it"}
GREEN                  B-precedence-data-paint-18-over-17-write-permission-17-over-20-over-3-and-20-composes-with-7  [sheet 323–326 (CROSS-STATE PRECEDENCE)]  — {"a":18,"b":17,"c":20,"dw":20,"dfCopy":"Update Earned to keep Today current."}
GREEN                  B-machine-output-precedence-session-ambiguity-over-contract-currency-over-sync-currency  [sheet 324–325 (machine output: safety and session ambiguity > 7 contract currency > 6 sync currency)]  — {"st":14,"st7":7,"st6":6,"syncLine":"Sync to update Today."}
GREEN                  B-state-7-suppresses-obsolete-machine-output-only-Layer-1-edits-stay-live-and-the-accepted-plan-stays-visible-with-provenance  [sheet 437–449 (state 7; Sol 11: 250 must not come back over the saved 255 × 3)]  — {"l1":{"press":255},"accepted":{"press":250,"provenance":"consented","version":"7.55.9"},"copy":"Update Earned to keep Today current."}
GREEN                  B-state-8-issuance-first-a-proposal-is-shown-only-after-its-issuance-is-accepted-and-the-INSTANCE-is-derived-from-the-stored-offer-content-on-every-device  [sheet 450–453 (ISSUANCE FIRST; two current devices issuing the same offer share one instance — rig151 Q2)]  — {"before":0,"after":1,"instA":"inst-88280661381f","instB":"inst-88280661381f","instC":"inst-5358ac78a8b0"}
GREEN                  B-state-5-contradictory-responses-conflict-suspend-the-transaction-and-the-fallback-is-DERIVED-from-complete-group-plan-provenance-excluding-inherited-values-History-never-says-Undone  [sheet 385–395 (state 5: FALLBACK = the effective COMPLETE PLAN PROJECTION immediately before the suspended effect, excluding any value introduced only by it and any descendant that INHERITED such a value; History 'Applied at W1 · conflict-suspended at W2')]  — {"fb":{"plan":{"press":250,"sets":4},"source":"effective complete projection immediately before B","excluded":["press"]},"plan":{"press":250,"sets":4},"history":[{"txn":"t1","copy":"Applied at W1 · conflict-suspended at W2"}]}
GREEN                  B-state-19-a-rejected-disposition-is-ONE-atomic-local-transaction-ledger-plus-outbox-removal-count-visible-never-retried-fixing-is-a-NEW-op  [sheet 608–622 (state 19)]  — {"res":{"stored":true,"drained":true,"rejected":true},"line":"1 rejected entry on this phone","retried":0,"fix":{"newOp":"op-dev-A-2","isCorrectionOfRejected":false,"differentOpId":true},"res2":{"stored":false,"blocked":true,"reason":"truth paint BLOCKED behind idempotent recovery"}}
GREEN                  B-A1-client-derives-the-commitment-over-the-envelope-excluding-itself-and-authority-metadata-absent-null-value-distinct  [sheet 96–103 (A1: HMAC(K_identity, "earned/op/v1" || canonical_encode(envelope EXCLUDING the commitment …)); distinct encodings for absent / null / value)]  — {"got":"5dc056625249","expect":"5dc056625249"}
GREEN                  B14-candidate-edge-same-slot-or-AD_HOC-window-dates-equal-or-adjacent-only-across-the-23-59-to-00-01-skew-envelope-never-chained-across-a-week  [sheet 559–563 (CANDIDATE EDGE, Grok)]  — [{"members":["s1","s2","s3"],"generation":1},{"members":["s4"],"generation":1},{"members":["s5"],"generation":1}]
GREEN                  B14-the-component-generation-advances-on-a-late-start-or-tombstone-and-supersedes-the-pending-question  [sheet 563–566 (the generation ADVANCES on every live-component change … a new generation supersedes the pending question)]  — [1,2,3]
GREEN                  B14-SAME-WORKOUT-with-disagreeing-starts-needs-the-athlete-to-select-the-governing-plan-basis-which-interprets-the-session-and-never-mutates-the-plan  [sheet 571–575 (SAME WORKOUT also selects the GOVERNING WORKOUT-PLAN BASIS … this interprets the session, it never mutates the accepted plan)]  — {"need":{"needsBasis":true,"choices":[{"press":250,"sets":3},{"press":255,"sets":4}],"planMutated":false},"done":{"governingBasis":{"press":255,"sets":4},"planMutated":false,"interpretsSession":true},"plan":{"press":250,"sets":3}}
GREEN                  B14-set-collisions-resolve-per-collision-component-into-duplicate-classes-with-ONE-canonical-op-and-distinct-attempts-with-unique-slots-nothing-deleted-gates-still-run-then-History-says-combined  [sheet 575–585 (SET COLLISIONS … one canonical operation per duplicate class … unique slots … never bypasses the completion, safety, lineage, plan-basis or evidence gates … 'Sets from two devices were combined.')]  — {"pending":{"canonical":["set-A1"],"slots":[{"set":"set-A2","slot":100}],"progressionBearing":false,"deleted":0,"rewritten":0,"history":null},"gated":{"canonical":["set-A1"],"slots":[{"set":"set-A2","slot":100}],"progressionBearing":false,"deleted":0,"rewritten":0,"history":null},"done":{"canonical"
GREEN                  B-state-4-conflict-copy-is-exact-and-parameterized-devices-named-by-real-type-N-2-one-outcome-action-N-3-one-review-locus-never-arrived-first  [sheet 379–384 (state 4 COPY)]  — {"two":{"copy":"Earned found 2 current versions of Press's plan. It is using 250 lb × 3 sets for now. 1 alternative is in History.","actions":["Use 255 lb × 4 sets instead"]},"three":{"copy":"Earned found 3 current versions of Press's plan. It is using 250 lb × 3 sets for now. 2 alternatives are in 
GREEN                  B-state-11-sign-in-required-logging-continues-to-the-outbox-while-the-lease-is-valid-sync-pauses-with-one-quiet-line-never-blocks-a-set  [sheet 542–544 (state 11)]  — {"r":true,"outbox":1,"sent":0,"st":{"paused":true,"line":"Sign in to sync"}}
GREEN                  B-state-12-18-storage-loss-paints-nothing-before-the-integrity-check-restore-required-then-sign-in-restoring-restored-or-failed-never-first-use-lost-unsynced-entries-declared-by-count-or-declared-unknowable  [sheet 545–547 (state 12) + 604–607 (state 18)]  — {"f":{"step":"RESTORE_REQUIRED","paintsAthleteData":false,"presentedAsFirstUse":false,"sequence":["restore required","sign in","restoring","restored | failed <reason>"],"unsyncedLostCount":2,"copy":"2 unsynced entries were lost on this phone"},"f2":{"step":"RESTORE_REQUIRED","paintsAthleteData":fals
GREEN                  B-state-13-background-kill-the-active-session-is-rebuilt-from-durable-operations-the-face-shows-the-last-confirmed-boundary-and-asserts-a-draft-only-with-a-durable-marker  [sheet 548–551 (state 13)]  — [{"line":"Last saved: Set 1 of Press.","draftLine":null,"ghost":false},{"line":"Last saved: Set 1 of Press.","draftLine":"An unfinished Set 2 entry was not saved.","ghost":false}]
GREEN                  B-A1-canonical-v1-map-permutation-set-permutation-Unicode-NFC-decimal-edge-cases-units-and-absent-null-value-are-all-bound-to-the-CANDIDATE-commitment  [sheet 100–102 (canonical encoding version: decimal representation, units, Unicode normalization, map ordering, set ordering, distinct absent / null / value); Sol suite-pass-2 finding 4]  — {"map":true,"set":true,"nfc":true,"decimalSame":true,"decimalDiff":true,"units":true,"absentNullValue":true,"boundToReference":true,"storedExcludesItself":true}
   35 GREEN · 0 RED-as-specified · 0 FAIL · 0 DEFECT · 0 HARNESS_ERROR
== MUTANTS 5 MUTANTS laws/sheet-B-client.cjs
STRONG                 B-durability-every-named-action-is-acknowledged-only-after-ONE-durable-local-transaction-of-op-plus-outbox  caught:op-and-outbox-are-two-writes-crash-acknowledges-the-op-alone
STRONG                 B-copy-law-Saved-Sent-Synced-Applied-are-four-facts-and-a-plan-transaction-is-Applied-only-when-committed-effective-and-received  caught:Sent-collapsed-into-Synced
STRONG                 B1-two-layers-never-mixed-an-offline-plan-edit-is-the-LIVE-Layer-1-plan-never-the-last-sync-value  caught:layers-mixed-last-sync-wins
STRONG                 B1-dependency-aware-withdrawal-only-outputs-that-depend-on-the-touched-fact-are-withdrawn-correction-event-guard-and-unrelated-cases  caught:withdraw-everything-on-any-touch · caught:withdraw-nothing
STRONG                 B1-local-operations-never-create-a-derived-number-and-touched-instructions-proposals-and-action-loci-are-suppressed  caught:local-weigh-in-becomes-the-trend
STRONG                 B1-a-response-to-a-proposal-alters-no-live-plan-and-is-a-durable-answer-in-the-outbox  caught:YES-applies-the-proposal-locally
STRONG                 B1-D7-ladder-from-dated-reads-in-the-athlete-zone-2-no-weigh-in-today-3-and-6-stale-Keep-for-now-7-Re-entry-suppresses  caught:stale-from-4 · caught:reentry-from-8
STRONG                 B2-drain-point-is-the-stored-AUTHENTICATED-disposition-forged-wrong-op-wrong-commitment-and-WAITING-never-drain  caught:signature-and-commitment-unverified · caught:drain-on-send-completion
STRONG                 B2-a-lost-acknowledgement-retries-the-SAME-op-id-on-an-eligible-retry-tick-with-backoff  caught:retry-mints-a-new-op-id · caught:no-backoff
STRONG                 B-frontier-W-is-the-CONTIGUOUS-reduced-through-watermark-an-out-of-order-receipt-does-not-advance-it  caught:high-water-frontier
STRONG                 B9-cold-start-paints-a-SKELETON-of-the-last-synced-plan-and-no-derived-number-before-the-complete-local-frontier  caught:cold-start-paints-derived-numbers
STRONG                 B10-first-use-no-accepted-plan-exists-before-consent-face-and-plan-and-transactions-agree-then-an-initial-plan-carries-provenance  caught:first-use-shows-Keep · caught:a-hidden-accepted-plan-exists-behind-the-first-use-face
STRONG                 B10-lean-mass-derivation-uses-1-minus-bodyfat-never-bodyfat-and-a-missing-central-estimate-is-labelled-midpoint  caught:lean-equals-fat-mass
STRONG                 B10-logging-a-session-never-creates-or-accepts-a-plan  caught:logging-creates-the-plan
STRONG                 B10-after-logging-the-initial-plan-offer-has-equal-UNSELECTED-choices  caught:one-choice-preselected
STRONG                 B-presence-law-intake-is-an-athlete-authored-fact-with-an-op-identity-or-ABSENT-never-a-target-and-never-any-other-derived-value  caught:target-or-derived-value-fills-absent-days
STRONG                 B14-multi-device-session-ambiguity-3-devices-the-decision-is-a-COMPLETE-partition-with-basis-and-generation-canonical-members-progression-bearing-nowhere-while-unresolved  caught:incomplete-partition-accepted
STRONG                 B20-lease-expired-refuses-writes-keeps-the-entered-value-names-the-resolution  caught:expired-lease-still-saves
STRONG                 B-state-17-a-LIVE-client-with-durable-unsynced-entries-transitions-on-revocation-refuses-new-writes-keeps-values-keeps-the-entries-promises-no-sync-names-the-resolution-never-first-use  caught:revoked-device-keeps-saving-and-promising-sync
STRONG                 B-precedence-data-paint-18-over-17-write-permission-17-over-20-over-3-and-20-composes-with-7  caught:precedence-ignored-first-check-wins
STRONG                 B-machine-output-precedence-session-ambiguity-over-contract-currency-over-sync-currency  caught:contract-currency-over-session-ambiguity · caught:state-6-shows-a-stale-proposal
STRONG                 B-state-7-suppresses-obsolete-machine-output-only-Layer-1-edits-stay-live-and-the-accepted-plan-stays-visible-with-provenance  caught:state-7-replaces-the-live-edit-with-the-last-accepted-plan
STRONG                 B-state-8-issuance-first-a-proposal-is-shown-only-after-its-issuance-is-accepted-and-the-INSTANCE-is-derived-from-the-stored-offer-content-on-every-device  caught:proposal-shown-before-issuance · caught:instance-from-a-local-counter
STRONG                 B-state-5-contradictory-responses-conflict-suspend-the-transaction-and-the-fallback-is-DERIVED-from-complete-group-plan-provenance-excluding-inherited-values-History-never-says-Undone  caught:suspension-becomes-an-Undo-to-no-plan · caught:fallback-is-no-accepted-plan-not-the-prior-projection
STRONG                 B-state-19-a-rejected-disposition-is-ONE-atomic-local-transaction-ledger-plus-outbox-removal-count-visible-never-retried-fixing-is-a-NEW-op  caught:ledger-and-outbox-removal-are-two-writes
STRONG                 B-A1-client-derives-the-commitment-over-the-envelope-excluding-itself-and-authority-metadata-absent-null-value-distinct  caught:commitment-includes-itself
STRONG                 B14-candidate-edge-same-slot-or-AD_HOC-window-dates-equal-or-adjacent-only-across-the-23-59-to-00-01-skew-envelope-never-chained-across-a-week  caught:every-start-is-a-candidate-of-every-other
STRONG                 B14-the-component-generation-advances-on-a-late-start-or-tombstone-and-supersedes-the-pending-question  caught:generation-never-advances
STRONG                 B14-SAME-WORKOUT-with-disagreeing-starts-needs-the-athlete-to-select-the-governing-plan-basis-which-interprets-the-session-and-never-mutates-the-plan  caught:basis-selection-mutates-the-accepted-plan
STRONG                 B14-set-collisions-resolve-per-collision-component-into-duplicate-classes-with-ONE-canonical-op-and-distinct-attempts-with-unique-slots-nothing-deleted-gates-still-run-then-History-says-combined  caught:a-collision-resolution-bypasses-the-gates · caught:both-duplicates-count-as-canonical
STRONG                 B-state-4-conflict-copy-is-exact-and-parameterized-devices-named-by-real-type-N-2-one-outcome-action-N-3-one-review-locus-never-arrived-first  caught:copy-says-arrived-first
STRONG                 B-state-11-sign-in-required-logging-continues-to-the-outbox-while-the-lease-is-valid-sync-pauses-with-one-quiet-line-never-blocks-a-set  caught:sign-in-required-blocks-logging · caught:sync-continues-without-a-session
STRONG                 B-state-12-18-storage-loss-paints-nothing-before-the-integrity-check-restore-required-then-sign-in-restoring-restored-or-failed-never-first-use-lost-unsynced-entries-declared-by-count-or-declared-unknowable  caught:storage-loss-presents-as-first-use
STRONG                 B-state-13-background-kill-the-active-session-is-rebuilt-from-durable-operations-the-face-shows-the-last-confirmed-boundary-and-asserts-a-draft-only-with-a-durable-marker  caught:a-draft-is-asserted-without-a-durable-marker
STRONG                 B-A1-canonical-v1-map-permutation-set-permutation-Unicode-NFC-decimal-edge-cases-units-and-absent-null-value-are-all-bound-to-the-CANDIDATE-commitment  caught:maps-unsorted · caught:sets-unsorted · caught:no-NFC · caught:JSON-number-representation · caught:null-collapsed-to-absent · caught:commitment-includes-itself
   35 STRONG · 0 WEAK · 0 NO_MUTANT · 0 REFERENCE_FAIL · 0 HARNESS_ERROR
== 6 ADAPTERS laws/sheet-B-client.cjs (family client PRESENT)
GREEN                  B-durability-every-named-action-is-acknowledged-only-after-ONE-durable-local-transaction-of-op-plus-outbox  [sheet 318–320 (durability rule: Weigh in, LOG SET, a decision, a correction, a tombstone, an undo request, FINISH SESSION; if that write fails, nothing is acknowledged — state 3)]  — {"good":7,"refused":[3,3,3,3,3,3,3],"crash":[3,3,3,3,3,3,3],"crashOutbox":0}
GREEN                  B-copy-law-Saved-Sent-Synced-Applied-are-four-facts-and-a-plan-transaction-is-Applied-only-when-committed-effective-and-received  [sheet 321–323 (copy law)]  — ["Saved on this phone · not yet synced","Changes sent · receiving updates","Synced 2026-09-04T00:00:00Z","Synced 2026-09-04T00:00:00Z","Applied 09:10"]
GREEN                  B1-two-layers-never-mixed-an-offline-plan-edit-is-the-LIVE-Layer-1-plan-never-the-last-sync-value  [sheet 329–333 (rig150 Q2)]  — {"l1":{"steps":10000},"l2i":null}
GREEN                  B1-dependency-aware-withdrawal-only-outputs-that-depend-on-the-touched-fact-are-withdrawn-correction-event-guard-and-unrelated-cases  [sheet 336–342 (Sol 8)]  — {"afterEdit":["protein-ok","sleep-note"],"untouched":["keep-steps","protein-ok","sleep-note"]}
GREEN                  B1-local-operations-never-create-a-derived-number-and-touched-instructions-proposals-and-action-loci-are-suppressed  [sheet 333–336 ([R4]) + 342–344 (a projection labelled as-of never drives a current action)]  — {"trend":171.4,"instrBefore":"Keep 8,000 steps","instrAfter":null,"loci":0}
GREEN                  B1-a-response-to-a-proposal-alters-no-live-plan-and-is-a-durable-answer-in-the-outbox  [sheet 346–348]  — {"plan":{"protein":150},"answers":1,"outbox":1}
GREEN                  B1-D7-ladder-from-dated-reads-in-the-athlete-zone-2-no-weigh-in-today-3-and-6-stale-Keep-for-now-7-Re-entry-suppresses  [sheet 342–345 + 695–696 (three boards: no weigh-in today (<3) · stale 3–6 ("Keep for now") · long gap ≥7 (Re-entry))]  — {"b2":"NO_WEIGH_IN_TODAY","b3":["STALE","Keep for now"],"b6":"STALE","b7":["RE_ENTRY",null]}
GREEN                  B2-drain-point-is-the-stored-AUTHENTICATED-disposition-forged-wrong-op-wrong-commitment-and-WAITING-never-drain  [sheet 355–358]  — {"o1":1,"rf":{"stored":false,"reason":"signature does not verify"},"rw":{"stored":false,"reason":"unknown op_id"},"rc":{"stored":false,"reason":"commitment mismatch"},"rwait":{"stored":true,"drained":false},"o2":1,"o3":0}
GREEN                  B2-a-lost-acknowledgement-retries-the-SAME-op-id-on-an-eligible-retry-tick-with-backoff  [sheet 353–354 + 358 (automatic retry with backoff; a lost acknowledgement retries the SAME op_id)]  — [{"op_id":"op-dev-A-1","attempt":1,"at":0},{"op_id":"op-dev-A-1","attempt":2,"at":1000},{"op_id":"op-dev-A-1","attempt":3,"at":3000}]
GREEN                  B-frontier-W-is-the-CONTIGUOUS-reduced-through-watermark-an-out-of-order-receipt-does-not-advance-it  [sheet 109–111 (FRONTIER = contiguous watermark W, never one operation's number)]  — [2,4]
GREEN                  B9-cold-start-paints-a-SKELETON-of-the-last-synced-plan-and-no-derived-number-before-the-complete-local-frontier  [sheet 483–485]  — {"paint":"SKELETON","state":9,"layer1":{"plan":{"protein":150},"planProvenance":null,"label":"last synced 2026-09-03T06:00Z","reads":[]},"layer2":{"label":null,"trend":null,"rate":null,"maintenance":null,"instruction":null,"outputs":[],"proposals":[],"actionLoci":[],"board":null,"missingDates":null,
GREEN                  B10-first-use-no-accepted-plan-exists-before-consent-face-and-plan-and-transactions-agree-then-an-initial-plan-carries-provenance  [sheet 486–493 (first use: Today reads 'first use, no accepted plan' — never 'stands' or 'Keep' — until the athlete accepts an initial plan transaction)]  — {"before":"first use, no accepted plan","p0":null,"t0":[],"after":"Accepted plan in effect","provenance":"consented"}
GREEN                  B10-lean-mass-derivation-uses-1-minus-bodyfat-never-bodyfat-and-a-missing-central-estimate-is-labelled-midpoint  [sheet 497–500 (rig152 Q2) + D13 lean_anchor midpoint rule]  — [{"low":134.4,"high":140.8,"source":"your estimate","unit":"lb","point":137.6,"label":"point"},{"low":134.4,"high":140.8,"source":"your estimate","unit":"lb","label":"midpoint"}]
GREEN                  B10-logging-a-session-never-creates-or-accepts-a-plan  [sheet 492–493 (Logging never creates or accepts a plan)]  — {"today":"first use, no accepted plan","plan":null}
GREEN                  B10-after-logging-the-initial-plan-offer-has-equal-UNSELECTED-choices  [sheet 492–493 (the app may offer those facts as an explicit initial-plan proposal with equal, unselected choices)]  — [{"kind":"INITIAL_PLAN","id":"initial-plan","choices":[{"id":"from-session","label":"Start from today's session","selected":false},{"id":"no-plan","label":"No accepted training plan yet","selected":false}],"facts":[{"date":"2026-09-04","sets":1}]}]
GREEN                  B-presence-law-intake-is-an-athlete-authored-fact-with-an-op-identity-or-ABSENT-never-a-target-and-never-any-other-derived-value  [sheet 248 (A4 PRESENCE LAW: absent is absent — not 0, not "", not a default)]  — {"d1":{"date":"2026-09-04","intakeState":"ABSENT"},"d2":{"date":"2026-09-02","intake":2310,"unit":"kcal","intakeState":"ATHLETE_LOGGED","op_id":"op-food-2"},"mi":[{"date":"2026-08-21","source":"ABSENT"},{"date":"2026-08-22","source":"ABSENT"},{"date":"2026-08-23","source":"ABSENT"},{"date":"2026-08-
GREEN                  B14-multi-device-session-ambiguity-3-devices-the-decision-is-a-COMPLETE-partition-with-basis-and-generation-canonical-members-progression-bearing-nowhere-while-unresolved  [sheet 552–585 (v1.6 group 13: N-way, one ambiguity component, a complete partition as the decision)]  — {"q":{"component":["s1","s2","s3"],"decision":null,"kind":"PARTITION","generation":1,"progressionBearing":false,"candidates":["s1","s2","s3"],"components":1},"partial":{"refused":true,"reason":"not a complete partition of the component"},"full":{"kind":"PARTITION","component":["s1","s2","s3"],"block
GREEN                  B20-lease-expired-refuses-writes-keeps-the-entered-value-names-the-resolution  [sheet 623–630 (state 20 EXPIRY)]  — {"acknowledged":false,"state":20,"copy":"Connect once to keep saving — Earned can't promise this phone's entries will be accepted after 2026-09-01 without checking in."}
GREEN                  B-state-17-a-LIVE-client-with-durable-unsynced-entries-transitions-on-revocation-refuses-new-writes-keeps-values-keeps-the-entries-promises-no-sync-names-the-resolution-never-first-use  [sheet 597–603 (state 17 WRITE PERMISSION) + 80 + 142–145]  — {"before":2,"rv":{"state":17,"retained":2,"promiseSync":false,"copy":"This phone was removed from your account — sign in to re-enrol it","durable":true},"r":[false,17],"retained":2,"resolution":"This phone was removed from your account — sign in to re-enrol it"}
GREEN                  B-precedence-data-paint-18-over-17-write-permission-17-over-20-over-3-and-20-composes-with-7  [sheet 323–326 (CROSS-STATE PRECEDENCE)]  — {"a":18,"b":17,"c":20,"dw":20,"dfCopy":"Update Earned to keep Today current."}
GREEN                  B-machine-output-precedence-session-ambiguity-over-contract-currency-over-sync-currency  [sheet 324–325 (machine output: safety and session ambiguity > 7 contract currency > 6 sync currency)]  — {"st":14,"st7":7,"st6":6,"syncLine":"Sync to update Today."}
GREEN                  B-state-7-suppresses-obsolete-machine-output-only-Layer-1-edits-stay-live-and-the-accepted-plan-stays-visible-with-provenance  [sheet 437–449 (state 7; Sol 11: 250 must not come back over the saved 255 × 3)]  — {"l1":{"press":255},"accepted":{"press":250,"provenance":"consented","version":"7.55.9"},"copy":"Update Earned to keep Today current."}
GREEN                  B-state-8-issuance-first-a-proposal-is-shown-only-after-its-issuance-is-accepted-and-the-INSTANCE-is-derived-from-the-stored-offer-content-on-every-device  [sheet 450–453 (ISSUANCE FIRST; two current devices issuing the same offer share one instance — rig151 Q2)]  — {"before":0,"after":1,"instA":"inst-fc404bb77ed4eb45","instB":"inst-fc404bb77ed4eb45","instC":"inst-06a5dd547b0fdff6"}
GREEN                  B-state-5-contradictory-responses-conflict-suspend-the-transaction-and-the-fallback-is-DERIVED-from-complete-group-plan-provenance-excluding-inherited-values-History-never-says-Undone  [sheet 385–395 (state 5: FALLBACK = the effective COMPLETE PLAN PROJECTION immediately before the suspended effect, excluding any value introduced only by it and any descendant that INHERITED such a value; History 'Applied at W1 · conflict-suspended at W2')]  — {"fb":{"plan":{"press":250,"sets":4},"excluded":["press"],"source":"effective complete projection immediately before B","complete":true},"plan":{"press":250,"sets":4},"history":[{"txn":"B","copy":"Applied at W1 · conflict-suspended at W2","fallback":{"press":250,"sets":4},"excluded":["press"]}]}
GREEN                  B-state-19-a-rejected-disposition-is-ONE-atomic-local-transaction-ledger-plus-outbox-removal-count-visible-never-retried-fixing-is-a-NEW-op  [sheet 608–622 (state 19)]  — {"res":{"stored":true,"drained":true,"rejected":true},"line":"1 rejected entry on this phone","retried":0,"fix":{"newOp":"op-dev-A-2","isCorrectionOfRejected":false,"differentOpId":true,"replaces":"op-dev-A-1","acknowledged":true},"res2":{"stored":false,"blocked":true,"reason":"truth paint BLOCKED b
GREEN                  B-A1-client-derives-the-commitment-over-the-envelope-excluding-itself-and-authority-metadata-absent-null-value-distinct  [sheet 96–103 (A1: HMAC(K_identity, "earned/op/v1" || canonical_encode(envelope EXCLUDING the commitment …)); distinct encodings for absent / null / value)]  — {"got":"91d2063caaeb","expect":"91d2063caaeb"}
GREEN                  B14-candidate-edge-same-slot-or-AD_HOC-window-dates-equal-or-adjacent-only-across-the-23-59-to-00-01-skew-envelope-never-chained-across-a-week  [sheet 559–563 (CANDIDATE EDGE, Grok)]  — [{"members":["s1","s2","s3"],"generation":1},{"members":["s4"],"generation":1},{"members":["s5"],"generation":1}]
GREEN                  B14-the-component-generation-advances-on-a-late-start-or-tombstone-and-supersedes-the-pending-question  [sheet 563–566 (the generation ADVANCES on every live-component change … a new generation supersedes the pending question)]  — [1,2,3]
GREEN                  B14-SAME-WORKOUT-with-disagreeing-starts-needs-the-athlete-to-select-the-governing-plan-basis-which-interprets-the-session-and-never-mutates-the-plan  [sheet 571–575 (SAME WORKOUT also selects the GOVERNING WORKOUT-PLAN BASIS … this interprets the session, it never mutates the accepted plan)]  — {"need":{"needsBasis":true,"choices":[{"press":250,"sets":3},{"press":255,"sets":4}],"planMutated":false,"interpretsSession":true},"done":{"governingBasis":{"press":255,"sets":4},"attested":false,"planMutated":false,"interpretsSession":true},"plan":{"press":250,"sets":3}}
GREEN                  B14-set-collisions-resolve-per-collision-component-into-duplicate-classes-with-ONE-canonical-op-and-distinct-attempts-with-unique-slots-nothing-deleted-gates-still-run-then-History-says-combined  [sheet 575–585 (SET COLLISIONS … one canonical operation per duplicate class … unique slots … never bypasses the completion, safety, lineage, plan-basis or evidence gates … 'Sets from two devices were combined.')]  — {"pending":{"canonical":["set-A1"],"slots":[{"set":"set-A2","slot":100}],"progressionBearing":false,"pendingCollisions":1,"gates":[{"gate":"completion","pass":true},{"gate":"safety","pass":true},{"gate":"lineage","pass":true},{"gate":"planBasis","pass":true},{"gate":"evidence","pass":true}],"deleted
GREEN                  B-state-4-conflict-copy-is-exact-and-parameterized-devices-named-by-real-type-N-2-one-outcome-action-N-3-one-review-locus-never-arrived-first  [sheet 379–384 (state 4 COPY)]  — {"two":{"copy":"Earned found 2 current versions of Press's plan. It is using 250 lb × 3 sets for now. 1 alternative is in History.","actions":["Use 255 lb × 4 sets instead"],"usingDevice":"this phone","versions":2},"three":{"copy":"Earned found 3 current versions of Press's plan. It is using 250 lb 
GREEN                  B-state-11-sign-in-required-logging-continues-to-the-outbox-while-the-lease-is-valid-sync-pauses-with-one-quiet-line-never-blocks-a-set  [sheet 542–544 (state 11)]  — {"r":true,"outbox":1,"sent":0,"st":{"paused":true,"line":"Sign in to sync"}}
GREEN                  B-state-12-18-storage-loss-paints-nothing-before-the-integrity-check-restore-required-then-sign-in-restoring-restored-or-failed-never-first-use-lost-unsynced-entries-declared-by-count-or-declared-unknowable  [sheet 545–547 (state 12) + 604–607 (state 18)]  — {"f":{"step":"RESTORE_REQUIRED","reason":"checkpoint disagrees with ops","paintsAthleteData":false,"presentedAsFirstUse":false,"sequence":["restore required","sign in","restoring","restored | failed <reason>"],"ledgerSurvived":true,"unsyncedLostCount":2,"copy":"2 unsynced entries were lost on this p
GREEN                  B-state-13-background-kill-the-active-session-is-rebuilt-from-durable-operations-the-face-shows-the-last-confirmed-boundary-and-asserts-a-draft-only-with-a-durable-marker  [sheet 548–551 (state 13)]  — [{"line":"Last saved: Set 1 of Press.","draftLine":null,"ghost":false,"rebuiltFrom":1},{"line":"Last saved: Set 1 of Press.","draftLine":"An unfinished Set 2 entry was not saved.","ghost":false,"rebuiltFrom":1}]
GREEN                  B-A1-canonical-v1-map-permutation-set-permutation-Unicode-NFC-decimal-edge-cases-units-and-absent-null-value-are-all-bound-to-the-CANDIDATE-commitment  [sheet 100–102 (canonical encoding version: decimal representation, units, Unicode normalization, map ordering, set ordering, distinct absent / null / value); Sol suite-pass-2 finding 4]  — {"map":true,"set":true,"nfc":true,"decimalSame":true,"decimalDiff":true,"units":true,"absentNullValue":true,"boundToReference":true,"storedExcludesItself":true}
   35 GREEN · 0 RED-as-specified · 0 FAIL · 0 DEFECT · 0 HARNESS_ERROR
== 4 REFERENCE laws/d13-d14.cjs
GREEN                  D13-P1-synthetic-A-147-about-144-range-140-147-on-lean-HIGH  [appendix D13 P1 + Sol's witness recomputed (v1.7.38 lines 2236–2243)]  — {"branch":"P1","policy":"earned.protein.public","version":1,"raw_minimum_g":146.89135310080002,"operative_g":147,"display_point_g":144,"anchor_label":"point","evidence_range_g":[140,147],"evidence_scope":"MATCHED_BY_DECLARATION","source":"E1","membership":["E1"],"action_constraint":{"kind":"MINIMUM"
GREEN                  D13-P2-synthetic-A-117-from-a-point-weigh-in-no-interval  [appendix D13 P2 (1.6 g/kg body mass; raw 116.11964672 → 117; POINT_SOURCE_NO_INTERVAL)]  — {"branch":"P2","policy":"earned.protein.public","version":1,"raw_minimum_g":116.11964672000002,"operative_g":117,"display_point_g":116,"evidence_range_g":null,"evidence_range_reason":"POINT_SOURCE_NO_INTERVAL","evidence_scope":"MATCHED_BY_DECLARATION","action_constraint":{"kind":"MINIMUM","value":11
GREEN                  D13-gate-order-first-failure-names-the-branch-D11-then-RT-plan-then-phase  [appendix D13 GATE ORDER (v1.7.38 lines 2159–2163) + P3]  — ["INELIGIBLE_D11","NO_EFFECTIVE_RT_PLAN","NO_EFFECTIVE_RT_PLAN","PHASE_UNRESOLVED"]
GREEN                  D13-currency-measurement-180-days-estimate-90-days-future-effective-and-stale-abstain-with-copy  [appendix D13 P1 LEAN-SOURCE CURRENCY (v1.7.38 lines 2170–2177)]  — {"e89":147,"e90":"LEAN_SOURCE_STALE","m179":143,"m180":"LEAN_SOURCE_STALE","fut":"LEAN_SOURCE_FUTURE_EFFECTIVE"}
GREEN                  D13-governing-source-measurement-over-estimate-most-recent-among-a-kind-lean-mass-in-kg-direct  [appendix D13 GOVERNING SOURCE (v1.7.38 lines 2181–2184)]  — {"r":["D1",143],"r2":["E2",144]}
GREEN                  D13-tied-equivalent-sources-canonicalize-to-the-lowest-seq-representative-materially-different-ties-abstain-count-neutral  [appendix D13 equivalence classes + BODY_COMPOSITION_SOURCE_CONFLICT copy (v1.7.38 lines 2184–2200; rig156 Q1: three classes)]  — {"same":["E2",["E2","E9"]],"diff":["BODY_COMPOSITION_SOURCE_CONFLICT",3]}
GREEN                  D13-unpaired-estimate-abstains-linked-weight-or-attested-mass-pairs-it-units-convert-at-full-precision  [appendix D13 (an estimate paired with a weigh-in per state 10 A) + D14 gate 2 LEAN_SOURCE_UNPAIRED + A3 units]  — {"un":"LEAN_SOURCE_UNPAIRED","kg":146.89139519999998,"att":147}
GREEN                  D13-re-attestation-is-a-NEW-estimate-op-with-its-own-date-an-old-measurement-is-never-redated  [appendix D13 RE-ATTESTATION (v1.7.38 lines 2173–2176)]  — {"stale":"LEAN_SOURCE_STALE","re":["E7",147]}
GREEN                  D13-missing-central-estimate-anchors-the-point-at-the-midpoint-labelled-midpoint  [appendix D13 TYPED FORMULAS lean_anchor_kg (v1.7.38 line 2224–2225)]  — ["midpoint",144]
GREEN                  D13-evidence-scope-MATCHED_BY_DECLARATION-vs-EXTRAPOLATED-never-IN_POPULATION  [appendix D13 EVIDENCE SCOPE (v1.7.38 lines 2258–2264)]  — ["MATCHED_BY_DECLARATION","EXTRAPOLATED","EXTRAPOLATED","EXTRAPOLATED"]
GREEN                  D13-P2-currency-follows-D7-7-missing-dates-abstain-a-future-weigh-in-abstains-with-date-copy  [appendix D13 P2 CURRENCY (v1.7.38 lines 2205–2210)]  — [117,"WEIGH_IN_STALE","WEIGH_IN_FUTURE_EFFECTIVE"]
GREEN                  D13-no-intermediate-rounding-a-boundary-adjacent-lean-mass-changes-the-operative-minimum-under-tenth-gram-rounding  [appendix D13 QUANTIZATION — NO intermediate rounding anywhere (v1.7.38 lines 2229–2236); witness 152.3 lb at 10 % → raw 142.99998 (147.0 → 143 vs 144)]  — [142.99998415857002,143]
GREEN                  D13-action_constraint-carries-the-full-contract-kind-value-unit-policy-grain-uncertainty-rule  [appendix D13 UNCERTAINTY RULE (v1.7.38 lines 2253–2257)]  — {"kind":"MINIMUM","value":147,"unit":"g/day","policy":"earned.protein.public v1","constraint_grain":{"value":1,"unit":"g/day","origin":0},"uncertainty_rule":"P1 on the high lean endpoint; P2 a point weigh-in with no interval; the quantized minimum governs and is shown"}
GREEN                  D14-rest-day-synthetic-A-1916-about-1872-range-1828-1916-exclusive-boundary-on-lean-HIGH  [appendix D14 (k = 30 on lean_HIGH + training energy; EA ≤ 30 forbidden) — standing results rigs 154–157]  — {"status":"FIGURE_OK","raw":1915.9741708800002,"operative":1916,"point":1872,"range":[1828,1916],"selected_eee":0,"headline":"ZERO_ATTESTED","displayed":true}
GREEN                  D14-exclusive-boundary-raw-1800-is-operative-1801-and-a-50-kcal-plan-grid-gives-1850  [appendix D14 BOUNDARY + QUANTIZATION (first representable PASSING endpoint)]  — [1800,1801,1850]
GREEN                  D14-nonzero-training-energy-adds-to-the-floor-on-a-training-day-and-a-class-bound-on-the-plan  [appendix D14 k × lean_HIGH + training energy; §D14-F class bounds]  — {"T":2216,"P":2266,"co":["lower"]}
GREEN                  D14-apply-requires-3T-AND-3P-a-failed-scope-blocks-application-lists-every-failed-locus-and-never-the-other-scope's-display  [appendix APPLICATION RULE (v1.7.38 lines 3623–3630) + producer precondition 2604–2611 + D14_POLICY_CHECK_RESULT precedence]  — {"blocked":{"headline":"BLOCKED_BY","results":[{"locus":"PLAN_HORIZON","result":"BLOCKED"}]},"ok":{"headline":"PASSES","required_minimum":2266,"governing_scopes":["PLAN_HORIZON"]},"low":"INTAKE_BELOW_FLOOR"}
GREEN                  D14-ZERO_ATTESTED-needs-no-positive-producer-and-displays-a-logged-training-day-without-a-producer-abstains-MISSING_EEE_ESTIMATE  [appendix PRODUCER PRECONDITION (v1.7.38 lines 2604–2611)]  — {"rest":{"status":"FIGURE_OK","raw":1915.9741708800002,"operative":1916,"point":1872,"range":[1828,1916],"selected_eee":0,"headline":"ZERO_ATTESTED","displayed":true},"train":{"status":"MISSING_EEE_ESTIMATE","displayed":false}}
GREEN                  D14-shared-gate-failures-INELIGIBLE_D11-LEAN_SOURCE_NONE-STALE-FUTURE-UNPAIRED-CONFLICT-name-the-shared-locus  [appendix D14 GATE ORDER (v1.7.38 lines 2279–2287)]  — [["INELIGIBLE_D11","INELIGIBLE_D11"],["LEAN_SOURCE_NONE","LEAN_SOURCE_NONE"],["LEAN_SOURCE_STALE","LEAN_SOURCE_STALE"],["LEAN_SOURCE_FUTURE_EFFECTIVE","LEAN_SOURCE_FUTURE_EFFECTIVE"],["LEAN_SOURCE_UNPAIRED","LEAN_SOURCE_UNPAIRED"],["BODY_COMPOSITION_SOURCE_CONFLICT","BODY_COMPOSITION_SOURCE_CONFLICT
GREEN                  D14-failure-loci-TODAY-only-BOTH-sorted-and-reciprocal-governing-scopes-Today-governs-or-plan-governs  [appendix D14_POLICY_CHECK_RESULT precedence (v1.7.38 lines 2310–2322): EVERY failed locus is listed, sorted by [locus, …]; governing_scopes = every scope whose operative minimum equals the maximum]  — {"todayOnly":{"headline":"BLOCKED_BY","results":[{"locus":"TODAY","result":"MISSING_EEE_ESTIMATE"}]},"both":{"headline":"BLOCKED_BY","results":[{"locus":"PLAN_HORIZON","result":"BLOCKED"},{"locus":"TODAY","result":"MISSING_EEE_ESTIMATE"}]},"tg":{"headline":"PASSES","required_minimum":2516,"governing
   20 GREEN · 0 RED-as-specified · 0 FAIL · 0 DEFECT · 0 HARNESS_ERROR
== MUTANTS 5 MUTANTS laws/d13-d14.cjs
STRONG                 D13-P1-synthetic-A-147-about-144-range-140-147-on-lean-HIGH  caught:2.3-on-the-central-anchor · caught:lean-equals-fat-mass
STRONG                 D13-P2-synthetic-A-117-from-a-point-weigh-in-no-interval  caught:1.6-on-lean-instead-of-body-mass
STRONG                 D13-gate-order-first-failure-names-the-branch-D11-then-RT-plan-then-phase  caught:unresolved-phase-defaults-to-deficit · caught:no-RT-plan-still-computes
STRONG                 D13-currency-measurement-180-days-estimate-90-days-future-effective-and-stale-abstain-with-copy  caught:estimate-gets-the-180-day-window · caught:future-source-current
STRONG                 D13-governing-source-measurement-over-estimate-most-recent-among-a-kind-lean-mass-in-kg-direct  caught:estimate-can-outrank-a-measurement-by-date
STRONG                 D13-tied-equivalent-sources-canonicalize-to-the-lowest-seq-representative-materially-different-ties-abstain-count-neutral  caught:tie-broken-by-latest-op-instead-of-conflict
STRONG                 D13-unpaired-estimate-abstains-linked-weight-or-attested-mass-pairs-it-units-convert-at-full-precision  caught:unpaired-estimate-uses-any-recent-weight
STRONG                 D13-re-attestation-is-a-NEW-estimate-op-with-its-own-date-an-old-measurement-is-never-redated  caught:re-attestation-redates-the-old-measurement
STRONG                 D13-missing-central-estimate-anchors-the-point-at-the-midpoint-labelled-midpoint  caught:missing-central-uses-the-high-endpoint-as-the-point
STRONG                 D13-evidence-scope-MATCHED_BY_DECLARATION-vs-EXTRAPOLATED-never-IN_POPULATION  caught:novice-labelled-matched
STRONG                 D13-P2-currency-follows-D7-7-missing-dates-abstain-a-future-weigh-in-abstains-with-date-copy  caught:P2-current-until-14-missing-dates
STRONG                 D13-no-intermediate-rounding-a-boundary-adjacent-lean-mass-changes-the-operative-minimum-under-tenth-gram-rounding  caught:lean-rounded-to-a-gram-before-multiplying
STRONG                 D13-action_constraint-carries-the-full-contract-kind-value-unit-policy-grain-uncertainty-rule  caught:bare-value-constraint
STRONG                 D14-rest-day-synthetic-A-1916-about-1872-range-1828-1916-exclusive-boundary-on-lean-HIGH  caught:floor-on-the-central-anchor · caught:inclusive-boundary
STRONG                 D14-exclusive-boundary-raw-1800-is-operative-1801-and-a-50-kcal-plan-grid-gives-1850  caught:inclusive-boundary-1800-passes
STRONG                 D14-nonzero-training-energy-adds-to-the-floor-on-a-training-day-and-a-class-bound-on-the-plan  caught:training-energy-dropped
STRONG                 D14-apply-requires-3T-AND-3P-a-failed-scope-blocks-application-lists-every-failed-locus-and-never-the-other-scope's-display  caught:3T-alone-applies
STRONG                 D14-ZERO_ATTESTED-needs-no-positive-producer-and-displays-a-logged-training-day-without-a-producer-abstains-MISSING_EEE_ESTIMATE  caught:zero-proof-also-needs-a-producer
STRONG                 D14-shared-gate-failures-INELIGIBLE_D11-LEAN_SOURCE_NONE-STALE-FUTURE-UNPAIRED-CONFLICT-name-the-shared-locus  caught:stale-source-still-governs
STRONG                 D14-failure-loci-TODAY-only-BOTH-sorted-and-reciprocal-governing-scopes-Today-governs-or-plan-governs  caught:only-the-first-failed-locus-is-listed · caught:3T-alone-applies
   20 STRONG · 0 WEAK · 0 NO_MUTANT · 0 REFERENCE_FAIL · 0 HARNESS_ERROR
== 6 ADAPTERS laws/d13-d14.cjs (family policy ABSENT)
RED(as specified)      D13-P1-synthetic-A-147-about-144-range-140-147-on-lean-HIGH  [appendix D13 P1 + Sol's witness recomputed (v1.7.38 lines 2236–2243)]  — NOT_IMPLEMENTED: adapters/policy.cjs — the D13/D14 binding in the new engine (tranche T4)
RED(as specified)      D13-P2-synthetic-A-117-from-a-point-weigh-in-no-interval  [appendix D13 P2 (1.6 g/kg body mass; raw 116.11964672 → 117; POINT_SOURCE_NO_INTERVAL)]  — NOT_IMPLEMENTED: adapters/policy.cjs — the D13/D14 binding in the new engine (tranche T4)
RED(as specified)      D13-gate-order-first-failure-names-the-branch-D11-then-RT-plan-then-phase  [appendix D13 GATE ORDER (v1.7.38 lines 2159–2163) + P3]  — NOT_IMPLEMENTED: adapters/policy.cjs — the D13/D14 binding in the new engine (tranche T4)
RED(as specified)      D13-currency-measurement-180-days-estimate-90-days-future-effective-and-stale-abstain-with-copy  [appendix D13 P1 LEAN-SOURCE CURRENCY (v1.7.38 lines 2170–2177)]  — NOT_IMPLEMENTED: adapters/policy.cjs — the D13/D14 binding in the new engine (tranche T4)
RED(as specified)      D13-governing-source-measurement-over-estimate-most-recent-among-a-kind-lean-mass-in-kg-direct  [appendix D13 GOVERNING SOURCE (v1.7.38 lines 2181–2184)]  — NOT_IMPLEMENTED: adapters/policy.cjs — the D13/D14 binding in the new engine (tranche T4)
RED(as specified)      D13-tied-equivalent-sources-canonicalize-to-the-lowest-seq-representative-materially-different-ties-abstain-count-neutral  [appendix D13 equivalence classes + BODY_COMPOSITION_SOURCE_CONFLICT copy (v1.7.38 lines 2184–2200; rig156 Q1: three classes)]  — NOT_IMPLEMENTED: adapters/policy.cjs — the D13/D14 binding in the new engine (tranche T4)
RED(as specified)      D13-unpaired-estimate-abstains-linked-weight-or-attested-mass-pairs-it-units-convert-at-full-precision  [appendix D13 (an estimate paired with a weigh-in per state 10 A) + D14 gate 2 LEAN_SOURCE_UNPAIRED + A3 units]  — NOT_IMPLEMENTED: adapters/policy.cjs — the D13/D14 binding in the new engine (tranche T4)
RED(as specified)      D13-re-attestation-is-a-NEW-estimate-op-with-its-own-date-an-old-measurement-is-never-redated  [appendix D13 RE-ATTESTATION (v1.7.38 lines 2173–2176)]  — NOT_IMPLEMENTED: adapters/policy.cjs — the D13/D14 binding in the new engine (tranche T4)
RED(as specified)      D13-missing-central-estimate-anchors-the-point-at-the-midpoint-labelled-midpoint  [appendix D13 TYPED FORMULAS lean_anchor_kg (v1.7.38 line 2224–2225)]  — NOT_IMPLEMENTED: adapters/policy.cjs — the D13/D14 binding in the new engine (tranche T4)
RED(as specified)      D13-evidence-scope-MATCHED_BY_DECLARATION-vs-EXTRAPOLATED-never-IN_POPULATION  [appendix D13 EVIDENCE SCOPE (v1.7.38 lines 2258–2264)]  — NOT_IMPLEMENTED: adapters/policy.cjs — the D13/D14 binding in the new engine (tranche T4)
RED(as specified)      D13-P2-currency-follows-D7-7-missing-dates-abstain-a-future-weigh-in-abstains-with-date-copy  [appendix D13 P2 CURRENCY (v1.7.38 lines 2205–2210)]  — NOT_IMPLEMENTED: adapters/policy.cjs — the D13/D14 binding in the new engine (tranche T4)
RED(as specified)      D13-no-intermediate-rounding-a-boundary-adjacent-lean-mass-changes-the-operative-minimum-under-tenth-gram-rounding  [appendix D13 QUANTIZATION — NO intermediate rounding anywhere (v1.7.38 lines 2229–2236); witness 152.3 lb at 10 % → raw 142.99998 (147.0 → 143 vs 144)]  — NOT_IMPLEMENTED: adapters/policy.cjs — the D13/D14 binding in the new engine (tranche T4)
RED(as specified)      D13-action_constraint-carries-the-full-contract-kind-value-unit-policy-grain-uncertainty-rule  [appendix D13 UNCERTAINTY RULE (v1.7.38 lines 2253–2257)]  — NOT_IMPLEMENTED: adapters/policy.cjs — the D13/D14 binding in the new engine (tranche T4)
RED(as specified)      D14-rest-day-synthetic-A-1916-about-1872-range-1828-1916-exclusive-boundary-on-lean-HIGH  [appendix D14 (k = 30 on lean_HIGH + training energy; EA ≤ 30 forbidden) — standing results rigs 154–157]  — NOT_IMPLEMENTED: adapters/policy.cjs — the D13/D14 binding in the new engine (tranche T4)
RED(as specified)      D14-exclusive-boundary-raw-1800-is-operative-1801-and-a-50-kcal-plan-grid-gives-1850  [appendix D14 BOUNDARY + QUANTIZATION (first representable PASSING endpoint)]  — NOT_IMPLEMENTED: adapters/policy.cjs — the D13/D14 binding in the new engine (tranche T4)
RED(as specified)      D14-nonzero-training-energy-adds-to-the-floor-on-a-training-day-and-a-class-bound-on-the-plan  [appendix D14 k × lean_HIGH + training energy; §D14-F class bounds]  — NOT_IMPLEMENTED: adapters/policy.cjs — the D13/D14 binding in the new engine (tranche T4)
RED(as specified)      D14-apply-requires-3T-AND-3P-a-failed-scope-blocks-application-lists-every-failed-locus-and-never-the-other-scope's-display  [appendix APPLICATION RULE (v1.7.38 lines 3623–3630) + producer precondition 2604–2611 + D14_POLICY_CHECK_RESULT precedence]  — NOT_IMPLEMENTED: adapters/policy.cjs — the D13/D14 binding in the new engine (tranche T4)
RED(as specified)      D14-ZERO_ATTESTED-needs-no-positive-producer-and-displays-a-logged-training-day-without-a-producer-abstains-MISSING_EEE_ESTIMATE  [appendix PRODUCER PRECONDITION (v1.7.38 lines 2604–2611)]  — NOT_IMPLEMENTED: adapters/policy.cjs — the D13/D14 binding in the new engine (tranche T4)
RED(as specified)      D14-shared-gate-failures-INELIGIBLE_D11-LEAN_SOURCE_NONE-STALE-FUTURE-UNPAIRED-CONFLICT-name-the-shared-locus  [appendix D14 GATE ORDER (v1.7.38 lines 2279–2287)]  — NOT_IMPLEMENTED: adapters/policy.cjs — the D13/D14 binding in the new engine (tranche T4)
RED(as specified)      D14-failure-loci-TODAY-only-BOTH-sorted-and-reciprocal-governing-scopes-Today-governs-or-plan-governs  [appendix D14_POLICY_CHECK_RESULT precedence (v1.7.38 lines 2310–2322): EVERY failed locus is listed, sorted by [locus, …]; governing_scopes = every scope whose operative minimum equals the maximum]  — NOT_IMPLEMENTED: adapters/policy.cjs — the D13/D14 binding in the new engine (tranche T4)
   0 GREEN · 20 RED-as-specified · 0 FAIL · 0 DEFECT · 0 HARNESS_ERROR
== 4 REFERENCE laws/progression.cjs
GREEN                  P1-same-day-set-count-maximum-is-end-of-day-plus-same-day-DECREASES-one-sided-plus-1-never-5-one-sided-minus-1-is-4  [PACK 3 M3 (FIX-4 §3 'setsAtTime = same-day maximum') — Sol suite-pass-1 executed counterexamples: +1 current 4 → 5 (required 4); −1 current 3 → 3 (required 4)]  — {"plus":4,"minus":4,"balanced":5,"multi":6,"later":3,"laterDec":4}
GREEN                  P1-former-name-joint-mint-device-A-under-the-former-name-device-B-under-the-current-name-merged-history-earns-the-same-single-earn-and-debut-as-serial  [PACK 3 M7 / FIX-4b — Sol suite-pass-1: _mintJointEarn recognizes provisional signatures through the current name only (rig185 executes it on fix4b: 0 EARNED under the former name, 1 under the current)]  — {"serial":{"id":"earn:press:250:2026-08-25","d":"2026-08-25","t":"PRESS 250 EARNED","debut":"debut:press:255:2026-08-25"},"merged":{"id":"earn:press:250:2026-08-25","d":"2026-08-25","t":"PRESS 250 EARNED","debut":"debut:press:255:2026-08-25"}}
GREEN                  P2-earn-receipt-identity-is-earn-lift-load-date-never-the-display-text-a-re-earn-of-the-same-load-on-another-date-is-distinct  [PACK 3 §7 PARKED offline duplicate-EARN (rebuild rule: earn fact identity earn:<ex>:<load>:<date>)]  — ["earn:press:250:2026-08-25","earn:press:250:2026-09-17"]
GREEN                  P3-existing-queue-records-are-never-rewritten-same-graduation-canonicalizes-to-one-id  [PACK 3 M2 / M6 (existing queue items never rewritten; one ACTIVE debut per (lift, load))]  — [{"id":"debut:press:255:2026-08-25","kind":"debut","exId":"press","newW":255,"d":"2026-08-25","done":false,"state":"ESTABLISH"}]
GREEN                  P4-reconcileDebutQueue-selects-the-EARLIEST-graduation-losers-remain-as-done-SUPERSEDED-DONE-history-byte-preserved  [PACK 3 M6 (one ACTIVE debut per (lift, load), earliest, DONE untouched, SUPERSEDED not deleted)]  — [{"id":"debut:press:250:2026-08-01","kind":"debut","exId":"press","newW":250,"d":"2026-08-01","done":true,"state":"DONE","gate":"Debuted 8,8"},{"id":"debut:press:255:2026-08-30","kind":"debut","exId":"press","newW":255,"d":"2026-08-30","done":true,"state":"SUPERSEDED","supersededBy":"debut:press:255
GREEN                  P5-server-authoritative-merge-makes-peer-queue-order-canonical-both-merge-orders-agree  [PACK 3 §6 queue-order divergence in _unionKeyed (REBUILD item; the pack's 'settles next sync' claim was false — its own output read 'order agrees: false')]  — {"ab":["q1","q2","q3"],"ba":["q1","q2","q3"]}
GREEN                  P6-every-debut-writer-classic-two-rung-one-sighting-carries-the-per-set-vector-newWSets  [PACK 3 FIX-4 §4 (Sol hunt 2, P1): the PROPOSED debut writers carry newWSets too — two-rung [65,65,60] and one-sighting [60,60,55] from wSets [55,55,50] at load 55]  — [{"id":"debut:press:60:2026-08-20","kind":"debut","exId":"press","newW":60,"newWSets":[60,60,55],"d":"2026-08-20","done":false,"state":"ESTABLISH","writer":"classic"},{"id":"debut:press:65:2026-08-20:2r","kind":"debut","exId":"press","newW":65,"newWSets":[65,65,60],"d":"2026-08-20","done":false,"sta
GREEN                  P7-taking-a-higher-proposed-debut-supersedes-every-LOWER-standing-graduation-for-that-lift  [PACK 3 FIX-4 §4 takeProposedDebut: a lower standing graduation goes (done, SUPERSEDED); running the 60 after taking the 65 would prescribe below the load already bought]  — [{"id":"debut:press:60:2026-08-20","kind":"debut","exId":"press","newW":60,"newWSets":[60,60,55],"d":"2026-08-20","done":true,"state":"SUPERSEDED","writer":"classic"},{"id":"debut:press:65:2026-08-20:2r","kind":"debut","exId":"press","newW":65,"newWSets":[65,65,60],"d":"2026-08-20","done":false,"sta
GREEN                  P8-completing-the-selected-debut-adopts-the-per-set-vector-the-lift-lives-at-the-new-load-with-its-line  [PACK 3 FIX-4 §4: completing the taken debut adopts the vector — the lift lives at 65 with 65·65·60, not a load behind]  — {"lift":{"id":"press","name":"PRESS","load":65,"inc":5,"wSets":[65,65,60]},"queue":[{"id":"debut:press:60:2026-08-20","kind":"debut","exId":"press","newW":60,"newWSets":[60,60,55],"d":"2026-08-20","done":true,"state":"SUPERSEDED","writer":"classic"},{"id":"debut:press:65:2026-08-20:2r","kind":"debut
   9 GREEN · 0 RED-as-specified · 0 FAIL · 0 DEFECT · 0 HARNESS_ERROR
== MUTANTS 5 MUTANTS laws/progression.cjs
STRONG                 P1-same-day-set-count-maximum-is-end-of-day-plus-same-day-DECREASES-one-sided-plus-1-never-5-one-sided-minus-1-is-4  caught:fix4b-formula-end-of-day-plus-increases
STRONG                 P1-former-name-joint-mint-device-A-under-the-former-name-device-B-under-the-current-name-merged-history-earns-the-same-single-earn-and-debut-as-serial  caught:current-name-only-scan
STRONG                 P2-earn-receipt-identity-is-earn-lift-load-date-never-the-display-text-a-re-earn-of-the-same-load-on-another-date-is-distinct  caught:identity-is-the-sentence
STRONG                 P3-existing-queue-records-are-never-rewritten-same-graduation-canonicalizes-to-one-id  caught:append-rewrites-the-existing-record
STRONG                 P4-reconcileDebutQueue-selects-the-EARLIEST-graduation-losers-remain-as-done-SUPERSEDED-DONE-history-byte-preserved  caught:latest-wins · caught:loser-deleted
STRONG                 P5-server-authoritative-merge-makes-peer-queue-order-canonical-both-merge-orders-agree  caught:arrival-order-kept
STRONG                 P6-every-debut-writer-classic-two-rung-one-sighting-carries-the-per-set-vector-newWSets  caught:proposed-writers-carry-no-vector
STRONG                 P7-taking-a-higher-proposed-debut-supersedes-every-LOWER-standing-graduation-for-that-lift  caught:taking-leaves-the-lower-debut-standing
STRONG                 P8-completing-the-selected-debut-adopts-the-per-set-vector-the-lift-lives-at-the-new-load-with-its-line  caught:completion-keeps-the-old-vector
   9 STRONG · 0 WEAK · 0 NO_MUTANT · 0 REFERENCE_FAIL · 0 HARNESS_ERROR
== 6 ADAPTERS laws/progression.cjs (family progression ABSENT)
RED(as specified)      P1-same-day-set-count-maximum-is-end-of-day-plus-same-day-DECREASES-one-sided-plus-1-never-5-one-sided-minus-1-is-4  [PACK 3 M3 (FIX-4 §3 'setsAtTime = same-day maximum') — Sol suite-pass-1 executed counterexamples: +1 current 4 → 5 (required 4); −1 current 3 → 3 (required 4)]  — NOT_IMPLEMENTED: adapters/progression.cjs — the rebuild's progression-receipt binding (tranche T5)
RED(as specified)      P1-former-name-joint-mint-device-A-under-the-former-name-device-B-under-the-current-name-merged-history-earns-the-same-single-earn-and-debut-as-serial  [PACK 3 M7 / FIX-4b — Sol suite-pass-1: _mintJointEarn recognizes provisional signatures through the current name only (rig185 executes it on fix4b: 0 EARNED under the former name, 1 under the current)]  — NOT_IMPLEMENTED: adapters/progression.cjs — the rebuild's progression-receipt binding (tranche T5)
RED(as specified)      P2-earn-receipt-identity-is-earn-lift-load-date-never-the-display-text-a-re-earn-of-the-same-load-on-another-date-is-distinct  [PACK 3 §7 PARKED offline duplicate-EARN (rebuild rule: earn fact identity earn:<ex>:<load>:<date>)]  — NOT_IMPLEMENTED: adapters/progression.cjs — the rebuild's progression-receipt binding (tranche T5)
RED(as specified)      P3-existing-queue-records-are-never-rewritten-same-graduation-canonicalizes-to-one-id  [PACK 3 M2 / M6 (existing queue items never rewritten; one ACTIVE debut per (lift, load))]  — NOT_IMPLEMENTED: adapters/progression.cjs — the rebuild's progression-receipt binding (tranche T5)
RED(as specified)      P4-reconcileDebutQueue-selects-the-EARLIEST-graduation-losers-remain-as-done-SUPERSEDED-DONE-history-byte-preserved  [PACK 3 M6 (one ACTIVE debut per (lift, load), earliest, DONE untouched, SUPERSEDED not deleted)]  — NOT_IMPLEMENTED: adapters/progression.cjs — the rebuild's progression-receipt binding (tranche T5)
RED(as specified)      P5-server-authoritative-merge-makes-peer-queue-order-canonical-both-merge-orders-agree  [PACK 3 §6 queue-order divergence in _unionKeyed (REBUILD item; the pack's 'settles next sync' claim was false — its own output read 'order agrees: false')]  — NOT_IMPLEMENTED: adapters/progression.cjs — the rebuild's progression-receipt binding (tranche T5)
RED(as specified)      P6-every-debut-writer-classic-two-rung-one-sighting-carries-the-per-set-vector-newWSets  [PACK 3 FIX-4 §4 (Sol hunt 2, P1): the PROPOSED debut writers carry newWSets too — two-rung [65,65,60] and one-sighting [60,60,55] from wSets [55,55,50] at load 55]  — NOT_IMPLEMENTED: adapters/progression.cjs — the rebuild's progression-receipt binding (tranche T5)
RED(as specified)      P7-taking-a-higher-proposed-debut-supersedes-every-LOWER-standing-graduation-for-that-lift  [PACK 3 FIX-4 §4 takeProposedDebut: a lower standing graduation goes (done, SUPERSEDED); running the 60 after taking the 65 would prescribe below the load already bought]  — NOT_IMPLEMENTED: adapters/progression.cjs — the rebuild's progression-receipt binding (tranche T5)
RED(as specified)      P8-completing-the-selected-debut-adopts-the-per-set-vector-the-lift-lives-at-the-new-load-with-its-line  [PACK 3 FIX-4 §4: completing the taken debut adopts the vector — the lift lives at 65 with 65·65·60, not a load behind]  — NOT_IMPLEMENTED: adapters/progression.cjs — the rebuild's progression-receipt binding (tranche T5)
   0 GREEN · 9 RED-as-specified · 0 FAIL · 0 DEFECT · 0 HARNESS_ERROR
== 4 REFERENCE laws/soak.cjs
GREEN                  C-soak-property-200-steps-x-5-seeds-log-contiguous-slots-unique-dispositions-signed-one-terminal-replay-idempotent-barrier-respected  [sheet §A A1–A2 + §C C3 (≥ 30 idle days soak on a store stub — these are its invariants, run before the calendar soak)]  — [{"accepted":113,"all":177,"revoked":39},{"accepted":131,"all":177,"revoked":53},{"accepted":145,"all":180,"revoked":null},{"accepted":125,"all":178,"revoked":59},{"accepted":120,"all":174,"revoked":57}]
   1 GREEN · 0 RED-as-specified · 0 FAIL · 0 DEFECT · 0 HARNESS_ERROR
== MUTANTS 5 MUTANTS laws/soak.cjs
STRONG                 C-soak-property-200-steps-x-5-seeds-log-contiguous-slots-unique-dispositions-signed-one-terminal-replay-idempotent-barrier-respected  caught:seq-not-monotonic · caught:slot-overwritten · caught:unsigned · caught:replay-re-admits · caught:barrier-ignored
   1 STRONG · 0 WEAK · 0 NO_MUTANT · 0 REFERENCE_FAIL · 0 HARNESS_ERROR
== 6 ADAPTERS laws/soak.cjs (family authority ABSENT)
RED(as specified)      C-soak-property-200-steps-x-5-seeds-log-contiguous-slots-unique-dispositions-signed-one-terminal-replay-idempotent-barrier-respected  [sheet §A A1–A2 + §C C3 (≥ 30 idle days soak on a store stub — these are its invariants, run before the calendar soak)]  — NOT_IMPLEMENTED: adapters/authority.cjs — the product authority (tranche T3)
   0 GREEN · 1 RED-as-specified · 0 FAIL · 0 DEFECT · 0 HARNESS_ERROR
== 8 GATE ARTIFACTS (gates/gates.json — hash-pinned)
VERIFIED rig175 10/10 inputs:true impl:true clock:true — appendix v1.27 (frontier, receipts, collision components, D14_INPUT_STATE_CHANGED precedence, least-id answer)
VERIFIED rig176 7/7 inputs:true impl:true clock:true — appendix v1.28 (Sol pass 27)
VERIFIED rig177 13/13 inputs:true impl:true clock:true — appendix v1.30 (Sol pass 29: replay split, component_scope_current, count-neutral copy)
VERIFIED rig178 10/10 inputs:true impl:true clock:true — appendix v1.31 (Sol pass 30: stranded group, route stamp, selector population)
VERIFIED rig179 8/8 inputs:true impl:true clock:true — appendix v1.32 (Sol pass 31: content replay behind the door, historical principal vs disclosure)
VERIFIED rig180 9/9 inputs:true impl:true clock:true — appendix v1.33 / Protocol (Sol pass 32: replay partition, oracle, contract alias)
VERIFIED rig181 13/13 inputs:true impl:true clock:true — appendix v1.33 (Sol pass 32: new_submission_authorized, linearization, axes, envelope)
VERIFIED rig182 15/15 inputs:true impl:true clock:true — appendix v1.34 (Sol pass 33: stub before the door, incarnations, presence defect, release vs revocation)
VERIFIED rig183 13/13 inputs:true impl:true clock:true — appendix v1.35 (Sol pass 34: producer_key, fixed deadline, three-stage validation, emission identity)
VERIFIED rig184 10/10 inputs:true impl:true clock:true — appendix v1.37 A1 + PROTOCOL v1.1 B1–B3 (Sol pass 35: instance-id reuse defect, response attempts, leakage by path, clause coverage)
== 8 COVERAGE MANIFEST (exact law ids, both directions)
TESTED            A1 operation identity, commitment, receipts, replay / collision, per-athlete ownership  [8 laws]
TESTED            A2 admission: transport vs causal order, WAITING lifecycle, dependency rejection, terminal replay, device-seq reuse  [7 laws]
TESTED            A2 offline-write lease: time AND range, signed clock, high-water, restore continuity, local validation (signature, binding, schema, not_before), late arrival, forged / unknown / out-of-range / revoked  [6 laws]
TESTED            A2 revocation barrier / state 17  [2 laws]
TESTED            A3 envelope shape (kind model, class, effective local time/offset, schema_version, lease_id, units, plan-mutation / conflict-selection / undo-request fields)  [1 laws]
TESTED            A4 payload completeness by class, reclassification compatibility, corrections / tombstones, PRESENCE LAW  [4 laws]
TESTED            A5 atomic plan transactions, direct edit + crash cut, undo eligibility / compensation / sealed before-group  [3 laws]
TESTED            state 4 plan-field conflict: causal-maximal set, NUMERIC lineage key, real conflict-selection op, CAS on seen basis, stale basis retained, lineage mismatch, N-way, exact copy  [6 laws]
TESTED            state 8 apply: issuance first, instance identity from content, uniqueness, coverage check / basis confirmation, apply results, Keep/No, contradictory → state 5, idempotent apply_request_id  [3 laws]
DEFERRED          state 8 consent_digest exactness, decline fingerprint recurrence (A6 second commitment), P2 sealed choices  ← needs owner approval — the consent digest and decline-fingerprint mutation halves (Grok B8) are not yet laws
TESTED            durability rule and copy law  [2 laws]
TESTED            cross-state precedence  [2 laws]
TESTED            state 1 offline two layers, dependency-aware withdrawal, [R4], response vs direct edit, D7 ladder  [5 laws]
TESTED            state 2 sync pending: drain point, same op_id retry, backoff  [2 laws]
TESTED            state 5 proposal-response conflict: conflict-suspended, fallback derived from provenance, History copy  [1 laws]
TESTED            state 6 / 7 proposal unavailable (sync, contract currency)  [1 laws]
TESTED            state 9 cold start  [1 laws]
TESTED            state 10 first use (no hidden plan), lean-mass derivation, logging never plans, initial offer  [4 laws]
TESTED            state 11 sign-in required · state 12 reinstall · state 13 background kill · state 18 restore  [3 laws]
TESTED            state 14 multi-device session ambiguity: candidate edge, generations, complete partition, governing basis, collisions, gates, History copy  [5 laws]
TESTED            state 15 clock (semantic order = causal parents; device_seq never causality; skew reduces identically) · state 16 export  [2 laws]
TESTED            state 19 rejected by the authority  [1 laws]
TESTED            D13 public protein policy  [13 laws]
TESTED            D14 public floor policy (gates, k on lean_HIGH + EEE, exclusive boundary, grid, 3T/3P, loci, producer precondition)  [7 laws]
SEPARATELY_GATED  §D14-B/C/D/E/F/G reducers, registry model, three-stage validation, frontier / epoch  gates: rig175,rig176,rig177,rig178,rig179,rig180,rig181,rig182,rig183,rig184
SEPARATELY_GATED  SOURCE INGESTION PROTOCOL v1.1  gates: rig184  · NOT RUN by this suite; Sol's Protocol pass 2 is the human gate on the same artifact
TESTED            §C soak invariants (property test); the ≥ 30-day calendar soak  [1 laws]  · the wall-clock calendar soak is tranche T3's, gated by its own artifact when it runs
TESTED            PACK 3 progression semantics carried into the rebuild (same-day maximum, former-name mint, earn identity, queue immutability, reconciliation, canonical order, debut writers' vectors, supersession, completion)  [9 laws]
TESTED            PORT ORACLE (census v3 DTO, manifest, counts law with declared strikes, leaf + semantic sensitivity, privacy)  [port oracle ids: 23]
DEFERRED          §E blueprint obligations (design boards, equipment capture, priority muscles, day classes)  ← design track — needs owner approval to stay out of this suite
DEFERRED / NOT RUN BY THIS SUITE: SOURCE INGESTION PROTOCOL v1.1 (its gate artifact rig184 is verified above; Sol's Protocol pass 2 is the human gate); the ≥ 30-day calendar soak (tranche T3).
== 9 ENGINE-TRACK (rig185 on fix4b — informational)
W1 same-day set-count maximum on fix4b: +1 current 4 → 5 (required 4) · −1 current 3 → 3 (required 4) · balanced +1/−1 current 4 → 5 (required 5) ⇒ FAIL — end-of-day + same-day INCREASES double-counts the push; the maximum is end-of-day + same-day DECREASES
W2 former-name joint mint on fix4b: day-1 PROVISIONAL under the FORMER name → EARNED 0, debuts 0 (topRun 2); under the CURRENT name → EARNED 1, debuts 1 ⇒ FAIL — _mintJointEarn's lineOn9 matches feed lines by the CURRENT name only (nm9); the sighting derivation already sees both tops
W3 PACK 3 §6 claim "settles at the next sync": the pack's own transcript reads "after one more sync — order agrees: false" ⇒ the claim is FALSE; queue order stays a REBUILD item (P5 law)

== SUMMARY
OK   0 clock and zone set and equal to the oracle manifest — run 2026-09-03/America/New_York manifest 2026-09-03/America/New_York
OK   0 engine artifacts present (main + fix4b) — a missing engine is BAD, never SKIP — {"main":"/home/claude/conform/engines/engine-main.cjs","fix4b":"/home/claude/conform/engines/engine-fix4b.cjs"}
OK   1 inventory laws/sheet-A-authority.cjs == frozen manifest (34 laws, family authority)
OK   1 inventory laws/sheet-B-client.cjs == frozen manifest (35 laws, family client)
OK   1 inventory laws/d13-d14.cjs == frozen manifest (20 laws, family policy)
OK   1 inventory laws/progression.cjs == frozen manifest (9 laws, family progression)
OK   1 inventory laws/soak.cjs == frozen manifest (1 laws, family authority)
OK   1 inventory global ids unique and total == frozen total — 99 vs frozen 99
OK   2 port oracle main-vs-main under the manifest — all GREEN and exactly the frozen PORT ids — 10 ids
OK   3 sensitivity: every leaf compared + semantic mutants DETECTED + fix4b-vs-main DETECTED, exactly the frozen PORT ids — 13 ids
OK   6 adapter loading: only an exact MODULE_NOT_FOUND counts as absent; any other load failure is HARNESS_ERROR — present: client
OK   4 reference laws/sheet-A-authority.cjs: all GREEN — 34/34 GREEN · 0 FAIL · 0 HARNESS_ERROR
OK   5 mutants laws/sheet-A-authority.cjs: every law STRONG — 34 STRONG · 0 WEAK · 0 NO_MUTANT · 0 REFERENCE_FAIL · 0 HARNESS_ERROR
OK   6 adapters laws/sheet-A-authority.cjs: family authority absent → all RED(as specified), 0 DEFECT, 0 HARNESS_ERROR — 0 GREEN · 34 RED · 0 FAIL · 0 DEFECT · 0 HARNESS_ERROR
OK   4 reference laws/sheet-B-client.cjs: all GREEN — 35/35 GREEN · 0 FAIL · 0 HARNESS_ERROR
OK   5 mutants laws/sheet-B-client.cjs: every law STRONG — 35 STRONG · 0 WEAK · 0 NO_MUTANT · 0 REFERENCE_FAIL · 0 HARNESS_ERROR
OK   6 adapters laws/sheet-B-client.cjs: family client present → all GREEN, 0 DEFECT, 0 HARNESS_ERROR — 35 GREEN · 0 RED · 0 FAIL · 0 DEFECT · 0 HARNESS_ERROR
OK   4 reference laws/d13-d14.cjs: all GREEN — 20/20 GREEN · 0 FAIL · 0 HARNESS_ERROR
OK   5 mutants laws/d13-d14.cjs: every law STRONG — 20 STRONG · 0 WEAK · 0 NO_MUTANT · 0 REFERENCE_FAIL · 0 HARNESS_ERROR
OK   6 adapters laws/d13-d14.cjs: family policy absent → all RED(as specified), 0 DEFECT, 0 HARNESS_ERROR — 0 GREEN · 20 RED · 0 FAIL · 0 DEFECT · 0 HARNESS_ERROR
OK   4 reference laws/progression.cjs: all GREEN — 9/9 GREEN · 0 FAIL · 0 HARNESS_ERROR
OK   5 mutants laws/progression.cjs: every law STRONG — 9 STRONG · 0 WEAK · 0 NO_MUTANT · 0 REFERENCE_FAIL · 0 HARNESS_ERROR
OK   6 adapters laws/progression.cjs: family progression absent → all RED(as specified), 0 DEFECT, 0 HARNESS_ERROR — 0 GREEN · 9 RED · 0 FAIL · 0 DEFECT · 0 HARNESS_ERROR
OK   4 reference laws/soak.cjs: all GREEN — 1/1 GREEN · 0 FAIL · 0 HARNESS_ERROR
OK   5 mutants laws/soak.cjs: every law STRONG — 1 STRONG · 0 WEAK · 0 NO_MUTANT · 0 REFERENCE_FAIL · 0 HARNESS_ERROR
OK   6 adapters laws/soak.cjs: family authority absent → all RED(as specified), 0 DEFECT, 0 HARNESS_ERROR — 0 GREEN · 1 RED · 0 FAIL · 0 DEFECT · 0 HARNESS_ERROR
OK   7 privacy: every private-fixture law line in the log is verdict-only (detail withheld in code) — 14 private lines
OK   8 gate artifacts verified (files present, hashes match, results pass, clock matches) — 10 gates
OK   8 coverage: every TESTED section's ids exist, every law id is covered by a section, every gated section's gates verified — {"TESTED":26,"SEPARATELY_GATED":2,"DEFERRED":2}
INFO 9 engine-track rig185: W1 FAIL, W2 FAIL
SUITE CONSISTENT — 99 reference GREEN · 99 STRONG · 64 RED-first against absent families · 35 GREEN against present families
